	Country	Year	Woman Labor Force, %	Population growth, %	GDP per capita, $	Region	Religion
1	Afghanistan	2005	13.9	3.4	252.4	Asia	Muslim
2	Afghanistan	2006	14.1	3.1	275.4	Asia	Muslim
3	Afghanistan	2007	14.4	2.8	373.6	Asia	Muslim
4	Afghanistan	2008	14.7	2.6	377	Asia	Muslim
5	Afghanistan	2012	15.7	2.4	687.6	Asia	Muslim
6	Afghanistan	2009	15	2.5	450.7	Asia	Muslim
7	Afghanistan	2010	15.4	2.5	561.2	Asia	Muslim
8	Afghanistan	2011	15.6	2.5	614	Asia	Muslim
9	Albania	2009	45.3	-1	4175.8	Europe	Marxist
10	Albania	2010	45.2	-1	4175.1	Europe	Marxist
11	Albania	2011	45.1	-1	4556.1	Europe	Marxist
12	Albania	2012	45	-1	4406.1	Europe	Marxist
13	Albania	2008	45.9	-1	4422.7	Europe	Marxist
14	Albania	2005	48.3	-0.7	2798.9	Europe	Marxist
15	Albania	2006	47.5	-0.8	3077	Europe	Marxist
16	Albania	2007	46.7	-0.9	3638.7	Europe	Marxist
17	Algeria	2005	12.9	1.5	3038.7	Africa	Muslim
18	Algeria	2009	14.4	1.8	3771.3	Africa	Muslim
19	Algeria	2006	13.2	1.6	3391.4	Africa	Muslim
20	Algeria	2007	13.6	1.7	3845.8	Africa	Muslim
21	Algeria	2008	14	1.8	4786.5	Africa	Muslim
22	Algeria	2010	14.6	1.9	4349.6	Africa	Muslim
23	Algeria	2011	14.8	1.9	5271.6	Africa	Muslim
24	Algeria	2012	15	1.9	5309.8	Africa	Muslim
25	Angola	2006	63.2	3.4	2440.6	Africa	Ethnic
26	Angola	2010	62.7	3.2	4218.6	Africa	Ethnic
27	Angola	2007	61.9	3.4	3412.7	Africa	Ethnic
28	Angola	2008	61.3	3.3	4596.3	Africa	Ethnic
29	Angola	2009	62	3.3	3988.7	Africa	Ethnic
30	Angola	2005	64.4	3.5	1706.5	Africa	Ethnic
31	Angola	2011	62.9	3.2	5159.2	Africa	Ethnic
32	Angola	2012	63.1	3.1	5539.8	Africa	Ethnic
33	Argentina	2011	47.2	0.9	13693.7	South America	Catholic
34	Argentina	2012	47.3	0.9	14679.9	South America	Catholic
35	Argentina	2005	48.7	0.9	5767.7	South America	Catholic
36	Argentina	2006	48.6	0.9	6783.7	South America	Catholic
37	Argentina	2007	48.7	0.9	8384.2	South America	Catholic
38	Argentina	2008	48.7	0.9	10233	South America	Catholic
39	Argentina	2009	48.8	0.9	9456.8	South America	Catholic
40	Argentina	2010	47	0.9	11460.4	South America	Catholic
41	Armenia	2005	52	-0.4	1625.4	Eurasia	Oth. Chris.
42	Armenia	2006	50.7	-0.4	2126.1	Eurasia	Oth. Chris.
43	Armenia	2007	49.4	-0.4	3079.2	Eurasia	Oth. Chris.
44	Armenia	2008	48.2	-0.4	3916.7	Eurasia	Oth. Chris.
45	Armenia	2012	53.9	0.2	3354	Eurasia	Oth. Chris.
46	Armenia	2009	50	-0.3	2913.6	Eurasia	Oth. Chris.
47	Armenia	2010	50.9	-0.2	3124.8	Eurasia	Oth. Chris.
48	Armenia	2011	53.8	0	3421.7	Eurasia	Oth. Chris.
49	Australia	2009	58.8	2.1	42702.2	Oceania	Oth. Chris.
50	Australia	2010	58.8	1.6	51800.9	Oceania	Oth. Chris.
51	Australia	2011	59	1.4	62133.7	Oceania	Oth. Chris.
52	Australia	2012	58.8	1.7	67524.8	Oceania	Oth. Chris.
53	Australia	2008	58.7	2	49650.4	Oceania	Oth. Chris.
54	Australia	2005	57	1.3	33995.9	Oceania	Oth. Chris.
55	Australia	2006	57.6	1.5	36100.6	Oceania	Oth. Chris.
56	Australia	2007	58.2	0.6	40976.5	Oceania	Oth. Chris.
57	Austria	2005	51.2	0.7	38241.1	Europe	Catholic
58	Austria	2009	54.1	0.3	47526.3	Europe	Catholic
59	Austria	2006	52.1	0.5	40428.9	Europe	Catholic
60	Austria	2007	52.8	0.4	46554.5	Europe	Catholic
61	Austria	2008	53.4	0.4	51293.2	Europe	Catholic
62	Austria	2010	53.9	0.3	46444.2	Europe	Catholic
63	Austria	2011	54.1	0.2	51045.7	Europe	Catholic
64	Austria	2012	54.6	0.3	48348.2	Europe	Catholic
65	Azerbaijan	2006	60	1.1	2473	Eurasia	Muslim
66	Azerbaijan	2010	61.8	1.2	5842.8	Eurasia	Muslim
67	Azerbaijan	2007	60.4	1.1	3851.4	Eurasia	Muslim
68	Azerbaijan	2008	60.9	2.1	5574.6	Eurasia	Muslim
69	Azerbaijan	2009	61.5	2.1	4950.3	Eurasia	Muslim
70	Azerbaijan	2005	59.6	1	1578.4	Eurasia	Muslim
71	Azerbaijan	2012	62.5	1.3	7393.8	Eurasia	Muslim
72	Azerbaijan	2011	62.2	1.3	7189.7	Eurasia	Muslim
73	Bahamas, The	2012	69.3	1.5	22096.5	North America	Oth. Chris.
74	Bahamas, The	2006	68	2	23733.8	North America	Oth. Chris.
75	Bahamas, The	2011	69.2	1.6	21649.8	North America	Oth. Chris.
76	Bahamas, The	2005	67.7	2.1	23416.9	North America	Oth. Chris.
77	Bahamas, The	2010	69.2	1.7	21941.9	North America	Oth. Chris.
78	Bahamas, The	2007	68.4	1.9	24321.1	North America	Oth. Chris.
79	Bahamas, The	2008	68.8	1.8	23674.1	North America	Oth. Chris.
80	Bahamas, The	2009	69.1	1.8	22060.9	North America	Oth. Chris.
81	Bahrain	2005	36.3	6.9	18156.4	Asia	Muslim
82	Bahrain	2006	37	7.8	19460	Asia	Muslim
83	Bahrain	2007	37.7	8.2	21049.6	Asia	Muslim
84	Bahrain	2008	38.4	7.8	23037.9	Asia	Muslim
85	Bahrain	2009	38.9	6.5	19251.1	Asia	Muslim
86	Bahrain	2010	39.3	4.9	20546	Asia	Muslim
87	Bahrain	2011	39.4	3.2	22466.9	Asia	Muslim
88	Bahrain	2012	39.4	1.9	23339	Asia	Muslim
89	Bangladesh	2010	56.9	1.1	762.8	Asia	Muslim
90	Bangladesh	2005	55.5	1.3	421.1	Asia	Muslim
91	Bangladesh	2011	57.1	1.1	841.5	Asia	Muslim
92	Bangladesh	2012	57.3	1.2	862.1	Asia	Muslim
93	Bangladesh	2008	56.3	1	619.3	Asia	Muslim
94	Bangladesh	2009	56.6	1	685.5	Asia	Muslim
95	Bangladesh	2006	55.8	1.2	495.8	Asia	Muslim
96	Bangladesh	2007	56.1	1.1	543.6	Asia	Muslim
97	Barbados	2005	65	0.5	14225	North America	Oth. Chris.
98	Barbados	2006	65.3	0.5	15691.8	North America	Oth. Chris.
99	Barbados	2010	65.9	0.5	15812.3	North America	Oth. Chris.
100	Barbados	2007	65.5	0.5	16336	North America	Oth. Chris.
101	Barbados	2008	65.7	0.5	16358	North America	Oth. Chris.
102	Barbados	2009	65.8	0.5	16460.8	North America	Oth. Chris.
103	Barbados	2011	65.9	0.5	15503.3	North America	Oth. Chris.
104	Barbados	2012	65.9	0.5	14917.1	North America	Oth. Chris.
105	Belarus	2007	50	-0.5	4736	Europe	Oth. Chris.
106	Belarus	2010	49.5	-0.2	5818.9	Europe	Oth. Chris.
107	Belarus	2011	49.7	-0.2	6305.8	Europe	Oth. Chris.
108	Belarus	2008	49.6	-0.3	6377.4	Europe	Oth. Chris.
109	Belarus	2009	49.2	-0.2	5176	Europe	Oth. Chris.
110	Belarus	2005	50.8	-0.7	3126.4	Europe	Oth. Chris.
111	Belarus	2006	50.4	-0.6	3848.6	Europe	Oth. Chris.
112	Belarus	2012	49.9	-0.1	6721.8	Europe	Oth. Chris.
113	Belgium	2012	46.9	0.7	44827.7	Europe	Catholic
114	Belgium	2007	46.6	0.7	44447.4	Europe	Catholic
115	Belgium	2005	45.6	0.6	36927.1	Europe	Catholic
116	Belgium	2006	45.8	0.7	38934.4	Europe	Catholic
117	Belgium	2011	46.8	1.2	47814.1	Europe	Catholic
118	Belgium	2008	46.9	0.8	48563.1	Europe	Catholic
119	Belgium	2009	46.9	0.8	44996.5	Europe	Catholic
120	Belgium	2010	47.6	1.1	44358.3	Europe	Catholic
121	Belize	2005	44.8	2.6	4097.5	North America	Oth. Chris.
122	Belize	2006	45.6	2.6	4363.8	North America	Oth. Chris.
123	Belize	2007	46.5	2.6	4509.3	North America	Oth. Chris.
124	Belize	2008	47.3	2.5	4662.4	North America	Oth. Chris.
125	Belize	2009	48.1	2.5	4441.5	North America	Oth. Chris.
126	Belize	2010	48.8	2.5	4527.3	North America	Oth. Chris.
127	Belize	2011	49	2.5	4701.5	North America	Oth. Chris.
128	Belize	2012	49.1	2.4	4856.7	North America	Oth. Chris.
129	Benin	2010	67.3	2.9	690	Africa	Ethnic
130	Benin	2005	66.2	3.2	532.6	Africa	Ethnic
131	Benin	2011	67.4	2.8	745.4	Africa	Ethnic
132	Benin	2012	67.5	2.7	750.5	Africa	Ethnic
133	Benin	2008	66.8	3	739.2	Africa	Ethnic
134	Benin	2009	67	2.9	712.5	Africa	Ethnic
135	Benin	2006	66.4	3.1	557.2	Africa	Ethnic
136	Benin	2007	66.6	3.1	633	Africa	Ethnic
137	Bhutan	2005	63.5	2.6	1259	Asia	Buddhist
138	Bhutan	2006	64.5	2.3	1348.7	Asia	Buddhist
139	Bhutan	2010	65.9	1.7	2211.3	Asia	Buddhist
140	Bhutan	2007	65.1	2.1	1760.6	Asia	Buddhist
141	Bhutan	2008	65.5	1.9	1817.8	Asia	Buddhist
142	Bhutan	2009	65.6	1.8	1795.1	Asia	Buddhist
143	Bhutan	2011	66.1	1.7	2495.4	Asia	Buddhist
144	Bhutan	2012	66.4	1.7	2458.4	Asia	Buddhist
145	Bolivia	2007	62.3	1.7	1355.9	South America	Catholic
146	Bolivia	2010	63.7	1.6	1934.7	South America	Catholic
147	Bolivia	2011	63.9	1.6	2319.6	South America	Catholic
148	Bolivia	2008	62.6	1.6	1695.6	South America	Catholic
149	Bolivia	2009	63.2	1.6	1735.1	South America	Catholic
150	Bolivia	2005	61.1	1.8	1020.8	South America	Catholic
151	Bolivia	2006	61.5	1.7	1203.3	South America	Catholic
152	Bolivia	2012	64.1	1.7	2575.7	South America	Catholic
153	Bosnia and Herzegovina	2012	34.1	-0.1	4409.6	Europe	Catholic
154	Bosnia and Herzegovina	2007	31.4	-0.2	3991.3	Europe	Catholic
155	Bosnia and Herzegovina	2005	31.7	-0.2	2810.4	Europe	Catholic
156	Bosnia and Herzegovina	2006	31.3	-0.1	3238.6	Europe	Catholic
157	Bosnia and Herzegovina	2011	34	-0.2	4771.3	Europe	Catholic
158	Bosnia and Herzegovina	2008	32.4	-0.2	4846.1	Europe	Catholic
159	Bosnia and Herzegovina	2009	32.8	-0.2	4480.4	Europe	Catholic
160	Bosnia and Herzegovina	2010	34	-0.2	4380.6	Europe	Catholic
161	Botswana	2005	71.1	1.1	5294.4	Africa	Ethnic
162	Botswana	2006	71.2	1.1	5341.4	Africa	Ethnic
163	Botswana	2007	71.4	1	5711.7	Africa	Ethnic
164	Botswana	2008	71.5	1	5747	Africa	Ethnic
165	Botswana	2009	71.6	0.9	5178.4	Africa	Ethnic
166	Botswana	2010	71.7	0.9	6980.4	Africa	Ethnic
167	Botswana	2011	71.8	0.9	7734	Africa	Ethnic
168	Botswana	2012	71.8	0.9	7254.6	Africa	Ethnic
169	Brazil	2010	59.4	0.9	10978.3	South America	Catholic
170	Brazil	2005	58.9	1.2	4739.3	South America	Catholic
171	Brazil	2011	59.5	0.9	12576.2	South America	Catholic
172	Brazil	2012	59.5	0.9	11320	South America	Catholic
173	Brazil	2008	58.5	0.9	8622.6	South America	Catholic
174	Brazil	2009	58.9	0.9	8373.5	South America	Catholic
175	Brazil	2006	58.7	1.1	5788	South America	Catholic
176	Brazil	2007	58.4	1	7193.9	South America	Catholic
177	Brunei Darussalam	2005	55.1	1.9	25913.6	Asia	Muslim
178	Brunei Darussalam	2006	54.8	1.9	30613.3	Asia	Muslim
179	Brunei Darussalam	2010	53.5	1.6	30880.3	Asia	Muslim
180	Brunei Darussalam	2007	54.4	1.8	32109.1	Asia	Muslim
181	Brunei Darussalam	2008	54.1	1.7	37094	Asia	Muslim
182	Brunei Darussalam	2009	53.8	1.6	27211.9	Asia	Muslim
183	Brunei Darussalam	2011	53.2	1.5	41059.9	Asia	Muslim
184	Brunei Darussalam	2012	52.9	1.4	41126.6	Asia	Muslim
185	Burkina Faso	2007	77.1	2.9	474.6	Africa	Ethnic
186	Burkina Faso	2010	77.2	2.9	592.6	Africa	Ethnic
187	Burkina Faso	2011	77.2	2.9	649.9	Africa	Ethnic
188	Burkina Faso	2008	77.1	2.9	569.6	Africa	Ethnic
189	Burkina Faso	2009	77.2	2.9	553	Africa	Ethnic
190	Burkina Faso	2005	76.9	2.9	407	Africa	Ethnic
191	Burkina Faso	2006	77	2.9	422.8	Africa	Ethnic
192	Burkina Faso	2012	77.1	2.9	651.7	Africa	Ethnic
193	Burundi	2012	83.2	3.2	251	Africa	Ethnic
194	Burundi	2011	83.1	3.3	246.9	Africa	Ethnic
195	Burundi	2007	83	3.5	162.8	Africa	Ethnic
196	Burundi	2005	83.4	3.4	143.8	Africa	Ethnic
197	Burundi	2006	83.2	3.4	158.3	Africa	Ethnic
198	Burundi	2008	83	3.5	186.9	Africa	Ethnic
199	Burundi	2009	82.9	3.4	194.9	Africa	Ethnic
200	Burundi	2010	83	3.4	219.5	Africa	Ethnic
201	Cabo Verde	2006	48.4	0.7	2298.8	Africa	Catholic
202	Cabo Verde	2010	50.4	0.4	3413.3	Africa	Catholic
203	Cabo Verde	2007	48.9	0.4	3129.8	Africa	Catholic
204	Cabo Verde	2008	49.4	0.2	3692	Africa	Catholic
205	Cabo Verde	2009	49.9	0.2	3524.3	Africa	Catholic
206	Cabo Verde	2005	48	1.1	2030.7	Africa	Catholic
207	Cabo Verde	2011	50.7	0.6	3801.4	Africa	Catholic
208	Cabo Verde	2012	51.1	0.8	3554.4	Africa	Catholic
209	Cambodia	2011	78.9	1.7	878.4	Asia	Buddhist
210	Cambodia	2005	76.1	1.6	471.2	Asia	Buddhist
211	Cambodia	2006	77.2	1.5	536.7	Asia	Buddhist
212	Cambodia	2012	78.9	1.8	945.5	Asia	Buddhist
213	Cambodia	2008	79.1	1.4	742.6	Asia	Buddhist
214	Cambodia	2009	79.1	1.5	735.4	Asia	Buddhist
215	Cambodia	2010	79	1.5	782.6	Asia	Buddhist
216	Cambodia	2007	78.2	1.4	628.4	Asia	Buddhist
217	Cameroon	2005	62.1	2.6	914.5	Africa	Oth. Chris.
218	Cameroon	2006	62.3	2.6	964.6	Africa	Oth. Chris.
219	Cameroon	2007	62.5	2.6	1069.9	Africa	Oth. Chris.
220	Cameroon	2011	63.5	2.5	1256.7	Africa	Oth. Chris.
221	Cameroon	2008	62.8	2.6	1190.2	Africa	Oth. Chris.
222	Cameroon	2009	63	2.6	1163	Africa	Oth. Chris.
223	Cameroon	2010	63.3	2.6	1145.4	Africa	Oth. Chris.
224	Cameroon	2012	63.6	2.5	1219.9	Africa	Oth. Chris.
225	Canada	2008	62.1	1.1	46398.7	North America	Oth. Chris.
226	Canada	2010	61.8	1.1	47465.3	North America	Oth. Chris.
227	Canada	2011	61.7	1	51790.6	North America	Oth. Chris.
228	Canada	2012	61.6	1.2	52409.2	North America	Oth. Chris.
229	Canada	2009	61.9	1.1	40764.1	North America	Oth. Chris.
230	Canada	2005	60.9	1	36029.3	North America	Oth. Chris.
231	Canada	2006	61.2	0.8	40244.9	North America	Oth. Chris.
232	Canada	2007	61.9	1	44328.5	North America	Oth. Chris.
233	Central African Republic	2012	72.5	2	479.5	Africa	Ethnic
234	Central African Republic	2008	72	1.9	474.4	Africa	Ethnic
235	Central African Republic	2005	71.5	1.7	340.9	Africa	Ethnic
236	Central African Republic	2006	71.6	1.8	365.5	Africa	Ethnic
237	Central African Republic	2007	71.7	1.8	413.5	Africa	Ethnic
238	Central African Republic	2009	72.2	1.9	464.5	Africa	Ethnic
239	Central African Republic	2010	72.5	1.9	456.6	Africa	Ethnic
240	Central African Republic	2011	72.5	2	494.9	Africa	Ethnic
241	Chad	2006	64.1	3.4	716.6	Africa	Ethnic
242	Chad	2010	64.1	3	909.3	Africa	Ethnic
243	Chad	2007	64.1	3.2	807.8	Africa	Ethnic
244	Chad	2008	64.1	3.1	938.5	Africa	Ethnic
245	Chad	2009	64.1	3	813.8	Africa	Ethnic
246	Chad	2005	64.2	3.6	663.7	Africa	Ethnic
247	Chad	2011	64	3	1006.3	Africa	Ethnic
248	Chad	2012	64	3	1035.3	Africa	Ethnic
249	Chile	2011	48.7	0.9	14511	South America	Catholic
250	Chile	2005	38.3	1	7614.5	South America	Catholic
251	Chile	2006	39	1	9371.4	South America	Catholic
252	Chile	2012	49	0.9	15245.5	South America	Catholic
253	Chile	2008	42.1	1	10686	South America	Catholic
254	Chile	2009	42.6	0.9	10141.6	South America	Catholic
255	Chile	2010	46.8	0.9	12681.8	South America	Catholic
256	Chile	2007	40	1	10379	South America	Catholic
257	China	2005	66.5	0.6	1731.1	Asia	Marxist
258	China	2006	65.8	0.6	2069.3	Asia	Marxist
259	China	2007	65.2	0.5	2651.3	Asia	Marxist
260	China	2011	63.7	0.5	5447.3	Asia	Marxist
261	China	2008	64.6	0.5	3413.6	Asia	Marxist
262	China	2009	64.1	0.5	3748.5	Asia	Marxist
263	China	2010	63.5	0.5	4433.3	Asia	Marxist
264	China	2012	63.8	0.5	6092.8	Asia	Marxist
265	Colombia	2008	51.1	1.5	5405.1	South America	Catholic
266	Colombia	2010	55.3	1.4	6179.8	South America	Catholic
267	Colombia	2011	55.5	1.4	7124.5	South America	Catholic
268	Colombia	2012	55.7	1.3	7763	South America	Catholic
269	Colombia	2009	54.4	1.4	5105	South America	Catholic
270	Colombia	2005	53	1.5	3392.9	South America	Catholic
271	Colombia	2006	51.5	1.5	3712.8	South America	Catholic
272	Colombia	2007	50.7	1.5	4663.5	South America	Catholic
273	Comoros	2012	35	2.4	767.2	Africa	Muslim
274	Comoros	2008	33.8	2.6	797	Africa	Muslim
275	Comoros	2005	32.5	2.6	633.2	Africa	Muslim
276	Comoros	2006	32.9	2.6	658.7	Africa	Muslim
277	Comoros	2007	33.3	2.6	730.9	Africa	Muslim
278	Comoros	2009	34.2	2.6	772.8	Africa	Muslim
279	Comoros	2010	34.6	2.5	756.8	Africa	Muslim
280	Comoros	2011	34.8	2.5	808.4	Africa	Muslim
281	Congo, Dem. Rep.	2006	71	2.9	257.2	Africa	Oth. Chris.
282	Congo, Dem. Rep.	2010	70.7	2.8	346.7	Africa	Oth. Chris.
283	Congo, Dem. Rep.	2007	70.9	2.8	286.1	Africa	Oth. Chris.
284	Congo, Dem. Rep.	2008	70.8	2.8	326.5	Africa	Oth. Chris.
285	Congo, Dem. Rep.	2009	70.8	2.8	301.9	Africa	Oth. Chris.
286	Congo, Dem. Rep.	2005	71	2.9	221.4	Africa	Oth. Chris.
287	Congo, Dem. Rep.	2011	70.7	2.8	404.1	Africa	Oth. Chris.
288	Congo, Dem. Rep.	2012	70.7	2.7	446	Africa	Oth. Chris.
289	Congo, Rep.	2011	68.4	2.7	3414.1	Africa	Ethnic
290	Congo, Rep.	2005	67.5	2.7	1718.1	Africa	Ethnic
291	Congo, Rep.	2006	67.7	2.9	2120.1	Africa	Ethnic
292	Congo, Rep.	2012	68.4	2.6	3153.7	Africa	Ethnic
293	Congo, Rep.	2008	68.1	3.1	3059.2	Africa	Ethnic
294	Congo, Rep.	2009	68.2	3	2401.3	Africa	Ethnic
295	Congo, Rep.	2010	68.3	2.9	2920.4	Africa	Ethnic
296	Congo, Rep.	2007	67.9	3	2233.3	Africa	Ethnic
297	Costa Rica	2005	44	1.7	4621.4	North America	Catholic
298	Costa Rica	2006	44	1.7	5128.4	North America	Catholic
299	Costa Rica	2007	45.1	1.6	5897.5	North America	Catholic
300	Costa Rica	2011	46.3	1.4	8704.1	North America	Catholic
301	Costa Rica	2008	45	1.5	6581.3	North America	Catholic
302	Costa Rica	2009	45.5	1.5	6385.6	North America	Catholic
303	Costa Rica	2010	46.1	1.5	7773.2	North America	Catholic
304	Costa Rica	2012	46.4	1.4	9442.7	North America	Catholic
305	Cote d'Ivoire	2008	51.5	1.7	1326.7	Africa	Muslim
306	Cote d'Ivoire	2010	52	2	1311.3	Africa	Muslim
307	Cote d'Ivoire	2011	52.1	2.2	1309	Africa	Muslim
308	Cote d'Ivoire	2012	52.2	2.3	1365.9	Africa	Muslim
309	Cote d'Ivoire	2009	51.7	1.9	1305.1	Africa	Muslim
310	Cote d'Ivoire	2005	50.6	1.4	982.2	Africa	Muslim
311	Cote d'Ivoire	2006	50.9	1.5	1007.8	Africa	Muslim
312	Cote d'Ivoire	2007	51.2	1.6	1133.4	Africa	Muslim
313	Cyprus	2012	55.8	1.1	26352.3	Europe	Oth. Chris.
314	Cyprus	2011	56.4	1.2	29206.5	Europe	Oth. Chris.
315	Cyprus	2007	55.3	1.4	27860.3	Europe	Oth. Chris.
316	Cyprus	2008	55.6	1.3	31928.4	Europe	Oth. Chris.
317	Cyprus	2005	53.6	1.6	22430.6	Europe	Oth. Chris.
318	Cyprus	2006	54.4	1.5	23863.6	Europe	Oth. Chris.
319	Cyprus	2009	56.2	1.2	29427.9	Europe	Oth. Chris.
320	Cyprus	2010	57.1	1.2	27889	Europe	Oth. Chris.
321	Czech Republic	2007	49.8	0.6	18334	Europe	Marxist
322	Czech Republic	2008	49.3	0.8	22649.4	Europe	Marxist
323	Czech Republic	2011	49.4	0.2	21656.4	Europe	Marxist
324	Czech Republic	2012	50.1	0.1	19670.4	Europe	Marxist
325	Czech Republic	2009	49.5	0.6	19698.5	Europe	Marxist
326	Czech Republic	2010	49.2	0.3	19764	Europe	Marxist
327	Czech Republic	2006	50.5	0.3	15159.2	Europe	Marxist
328	Czech Republic	2005	50.6	0.1	13317.7	Europe	Marxist
329	Denmark	2008	61.1	0.6	64181.6	Europe	Oth. Chris.
330	Denmark	2005	60.5	0.3	48816.8	Europe	Oth. Chris.
331	Denmark	2006	61.2	0.3	52041.2	Europe	Oth. Chris.
332	Denmark	2007	60.8	0.4	58501.1	Europe	Oth. Chris.
333	Denmark	2012	59.1	0.4	57636.1	Europe	Oth. Chris.
334	Denmark	2009	60.6	0.5	57895.9	Europe	Oth. Chris.
335	Denmark	2010	59.8	0.4	57647.9	Europe	Oth. Chris.
336	Denmark	2011	59.6	0.4	61303.9	Europe	Oth. Chris.
337	Djibouti	2005	33.3	1.4	912.5	Africa	Muslim
338	Djibouti	2006	33.7	1.4	976.3	Africa	Muslim
339	Djibouti	2007	34.2	1.4	1061.6	Africa	Muslim
340	Djibouti	2008	34.7	1.4	1233.3	Africa	Muslim
341	Djibouti	2009	35.2	1.4	1458.9	Africa	Muslim
342	Djibouti	2010	35.6	1.5	1353.2	Africa	Muslim
343	Djibouti	2011	35.9	1.5	1463.6	Africa	Muslim
344	Djibouti	2012	36.1	1.5	1574.6	Africa	Muslim
345	Dominican Republic	2010	51	1.3	5295.4	North America	Catholic
346	Dominican Republic	2005	49	1.5	3635.7	North America	Catholic
347	Dominican Republic	2011	51.1	1.3	5730	North America	Catholic
348	Dominican Republic	2012	51.2	1.3	5870.8	North America	Catholic
349	Dominican Republic	2008	50.6	1.4	4937.7	North America	Catholic
350	Dominican Republic	2009	50.8	1.4	4845	North America	Catholic
351	Dominican Republic	2006	49.7	1.4	3794.1	North America	Catholic
352	Dominican Republic	2007	50.3	1.4	4584.3	North America	Catholic
353	Ecuador	2005	55.3	1.8	3012.8	South America	Catholic
354	Ecuador	2006	56.6	1.8	3337.4	South America	Catholic
355	Ecuador	2009	52.9	1.7	4236.8	South America	Catholic
356	Ecuador	2010	53.7	1.6	4636.7	South America	Catholic
357	Ecuador	2007	54.2	1.7	3574.9	South America	Catholic
358	Ecuador	2008	52.7	1.7	4255.9	South America	Catholic
359	Ecuador	2011	54.1	1.6	5199.7	South America	Catholic
360	Ecuador	2012	54.4	1.6	5655.9	South America	Catholic
361	Egypt, Arab Rep.	2007	22.5	1.7	1757.8	Africa	Muslim
362	Egypt, Arab Rep.	2008	22.7	1.7	2156.8	Africa	Muslim
363	Egypt, Arab Rep.	2011	23.4	1.7	2972.6	Africa	Muslim
364	Egypt, Arab Rep.	2012	23.6	1.7	3256	Africa	Muslim
365	Egypt, Arab Rep.	2009	23	1.7	2461.5	Africa	Muslim
366	Egypt, Arab Rep.	2010	23.3	1.7	2803.5	Africa	Muslim
367	Egypt, Arab Rep.	2005	20.2	1.7	1249.5	Africa	Muslim
368	Egypt, Arab Rep.	2006	20.4	1.7	1472.6	Africa	Muslim
369	El Salvador	2008	45.9	0.5	3483.7	North America	Catholic
370	El Salvador	2005	44.7	0.4	2814.9	North America	Catholic
371	El Salvador	2006	45.4	0.4	3042.7	North America	Catholic
372	El Salvador	2007	45.6	0.4	3283.5	North America	Catholic
373	El Salvador	2012	47.6	0.7	3781.5	North America	Catholic
374	El Salvador	2009	46.5	0.5	3341.3	North America	Catholic
375	El Salvador	2010	47.2	0.6	3444.5	North America	Catholic
376	El Salvador	2011	47.4	0.6	3698.5	North America	Catholic
377	Equatorial Guinea	2005	80.3	3	13612.8	Africa	Ethnic
378	Equatorial Guinea	2006	80.3	2.9	13003.6	Africa	Ethnic
379	Equatorial Guinea	2007	80.3	2.9	15948.9	Africa	Ethnic
380	Equatorial Guinea	2008	80.3	2.8	23463.8	Africa	Ethnic
381	Equatorial Guinea	2009	80.4	2.8	13835.9	Africa	Ethnic
382	Equatorial Guinea	2010	80.5	2.8	16638.1	Africa	Ethnic
383	Equatorial Guinea	2011	80.5	2.8	21963.4	Africa	Ethnic
384	Equatorial Guinea	2012	80.6	2.8	22404.8	Africa	Ethnic
385	Eritrea	2010	79.6	3.2	368.7	Africa	Oth. Chris.
386	Eritrea	2005	78.1	4	226.3	Africa	Oth. Chris.
387	Eritrea	2011	79.8	3.3	439.5	Africa	Oth. Chris.
388	Eritrea	2012	79.9	3.3	504.3	Africa	Oth. Chris.
389	Eritrea	2008	79.4	3.3	256.4	Africa	Oth. Chris.
390	Eritrea	2009	79.5	3.2	334.1	Africa	Oth. Chris.
391	Eritrea	2006	78.5	3.7	240.5	Africa	Oth. Chris.
392	Eritrea	2007	78.7	3.4	253	Africa	Oth. Chris.
393	Estonia	2005	53.3	-0.6	10336.1	Europe	Oth. Chris.
394	Estonia	2006	55	-0.6	12591.3	Europe	Oth. Chris.
395	Estonia	2009	55.6	-0.2	14717.4	Europe	Oth. Chris.
396	Estonia	2010	56.2	-0.2	14629.6	Europe	Oth. Chris.
397	Estonia	2007	54.4	-0.5	16580.1	Europe	Oth. Chris.
398	Estonia	2008	55.2	-0.3	18088.4	Europe	Oth. Chris.
399	Estonia	2011	57.1	-0.3	17178.5	Europe	Oth. Chris.
400	Estonia	2012	56	-0.2	17102.2	Europe	Oth. Chris.
401	Ethiopia	2007	78.4	2.7	245	Africa	Oth. Chris.
402	Ethiopia	2008	78.3	2.7	327.6	Africa	Oth. Chris.
403	Ethiopia	2011	78.2	2.6	357.4	Africa	Oth. Chris.
404	Ethiopia	2012	78.2	2.6	472.2	Africa	Oth. Chris.
405	Ethiopia	2009	78.3	2.6	382.3	Africa	Oth. Chris.
406	Ethiopia	2010	78.2	2.6	343.7	Africa	Oth. Chris.
407	Ethiopia	2005	78.4	2.8	162.8	Africa	Oth. Chris.
408	Ethiopia	2006	78.4	2.7	195.2	Africa	Oth. Chris.
409	Fiji	2008	37.5	1	4175.1	Oceania	Oth. Chris.
410	Fiji	2005	38.1	0.4	3655.7	Oceania	Oth. Chris.
411	Fiji	2006	37.9	0.7	3747.4	Oceania	Oth. Chris.
412	Fiji	2007	37.7	0.9	4076	Oceania	Oth. Chris.
413	Fiji	2012	37.5	0.8	4401.1	Oceania	Oth. Chris.
414	Fiji	2009	37.5	1	3367.4	Oceania	Oth. Chris.
415	Fiji	2010	37.4	0.9	3649.4	Oceania	Oth. Chris.
416	Fiji	2011	37.4	0.9	4201.3	Oceania	Oth. Chris.
417	Finland	2005	56.8	0.3	38968.2	Europe	Oth. Chris.
418	Finland	2006	57.3	0.4	41118.6	Europe	Oth. Chris.
419	Finland	2007	57.6	0.4	48286.1	Europe	Oth. Chris.
420	Finland	2008	57.5	0.5	53403.3	Europe	Oth. Chris.
421	Finland	2009	57.1	0.5	47104.3	Europe	Oth. Chris.
422	Finland	2010	56.2	0.5	46202.4	Europe	Oth. Chris.
423	Finland	2011	55.9	0.5	50790.7	Europe	Oth. Chris.
424	Finland	2012	56	0.5	47243.7	Europe	Oth. Chris.
425	France	2010	50.9	0.5	40706.1	Europe	Catholic
426	France	2005	49.9	0.8	34880.6	Europe	Catholic
427	France	2011	50.8	0.5	43809.7	Europe	Catholic
428	France	2012	50.9	0.5	40908.3	Europe	Catholic
429	France	2008	50.5	0.6	45417.5	Europe	Catholic
430	France	2009	50.9	0.5	41631.3	Europe	Catholic
431	France	2006	50	0.7	36544.6	Europe	Catholic
432	France	2007	50.3	0.6	41600.8	Europe	Catholic
433	Gabon	2005	54.4	2.4	6282	Africa	Ethnic
434	Gabon	2006	54.5	2.4	6756.3	Africa	Ethnic
435	Gabon	2008	55	2.4	10577.9	Africa	Ethnic
436	Gabon	2009	55.2	2.4	7919.7	Africa	Ethnic
437	Gabon	2010	55.5	2.4	9362.1	Africa	Ethnic
438	Gabon	2007	54.8	2.4	7994.3	Africa	Ethnic
439	Gabon	2012	56	2.4	10929.9	Africa	Ethnic
440	Gabon	2011	55.7	2.4	11791.6	Africa	Ethnic
441	Gambia, The	2008	71.9	3.1	612	Africa	Ethnic
442	Gambia, The	2009	72.1	3.1	553.1	Africa	Ethnic
443	Gambia, The	2007	71.8	3.1	522.3	Africa	Ethnic
444	Gambia, The	2012	72.2	3.2	509.4	Africa	Ethnic
445	Gambia, The	2006	71.8	3.1	441.9	Africa	Ethnic
446	Gambia, The	2010	72.2	3.2	566.3	Africa	Ethnic
447	Gambia, The	2011	72.2	3.2	521.2	Africa	Ethnic
448	Gambia, The	2005	71.7	3.2	434.5	Africa	Ethnic
449	Georgia	2005	55.4	1	1470	Europe	Oth. Chris.
450	Georgia	2009	55.5	0.6	2441	Europe	Oth. Chris.
451	Georgia	2006	55.3	0.8	1764.9	Europe	Oth. Chris.
452	Georgia	2007	55.2	-0.2	2318	Europe	Oth. Chris.
453	Georgia	2008	55.3	-0.1	2919.7	Europe	Oth. Chris.
454	Georgia	2010	55.6	0.9	2613.8	Europe	Oth. Chris.
455	Georgia	2011	55.9	0.7	3219.6	Europe	Oth. Chris.
456	Georgia	2012	56.2	0.2	3528.7	Europe	Oth. Chris.
457	Germany	2006	51.4	-0.1	36399.6	Europe	Oth. Chris.
458	Germany	2010	52.7	-0.2	41723.4	Europe	Oth. Chris.
459	Germany	2007	52	-0.1	41760.8	Europe	Oth. Chris.
460	Germany	2008	52.1	-0.2	45634.5	Europe	Oth. Chris.
461	Germany	2009	52.5	-0.3	41668.8	Europe	Oth. Chris.
462	Germany	2005	50.6	-0.1	34649.9	Europe	Oth. Chris.
463	Germany	2011	53.5	0	45870.6	Europe	Oth. Chris.
464	Germany	2012	53.5	-1.7	43931.7	Europe	Oth. Chris.
465	Ghana	2011	67	2.3	1594	Africa	Ethnic
466	Ghana	2005	67.6	2.6	501.9	Africa	Ethnic
467	Ghana	2006	66.6	2.6	929.9	Africa	Ethnic
468	Ghana	2012	67.2	2.2	1645.5	Africa	Ethnic
469	Ghana	2008	66.7	2.6	1234.4	Africa	Ethnic
470	Ghana	2009	66.8	2.5	1096.5	Africa	Ethnic
471	Ghana	2010	66.9	2.4	1326.1	Africa	Ethnic
472	Ghana	2007	66.6	2.6	1099.1	Africa	Ethnic
473	Greece	2005	42.1	0.3	22326.5	Europe	Oth. Chris.
474	Greece	2006	42.5	0.3	24556.7	Europe	Oth. Chris.
475	Greece	2007	42.4	0.3	28546.8	Europe	Oth. Chris.
476	Greece	2010	44.1	-0.3	26861.5	Europe	Oth. Chris.
477	Greece	2011	43.9	-0.3	25964	Europe	Oth. Chris.
478	Greece	2008	42.5	0.2	31701.7	Europe	Oth. Chris.
479	Greece	2009	43.5	0	29483.7	Europe	Oth. Chris.
480	Greece	2012	44.2	-0.3	22494.4	Europe	Oth. Chris.
481	Guatemala	2008	48	2.5	2867.5	North America	Catholic
482	Guatemala	2009	48.4	2.5	2697.4	North America	Catholic
483	Guatemala	2011	48.9	2.5	3240.4	North America	Catholic
484	Guatemala	2012	49.1	2.5	3340.8	North America	Catholic
485	Guatemala	2007	47.7	2.5	2561.4	North America	Catholic
486	Guatemala	2010	48.8	2.5	2882.4	North America	Catholic
487	Guatemala	2005	44.9	2.5	2146.2	North America	Catholic
488	Guatemala	2006	47.3	2.5	2326.3	North America	Catholic
489	Guinea	2005	63.8	2.1	306.7	Africa	Muslim
490	Guinea	2009	65	2.7	435.2	Africa	Muslim
491	Guinea	2006	64.1	2.3	287.9	Africa	Muslim
492	Guinea	2007	64.4	2.5	411.5	Africa	Muslim
493	Guinea	2008	64.4	2.6	437.8	Africa	Muslim
494	Guinea	2010	65.3	2.6	435.4	Africa	Muslim
495	Guinea	2011	65.4	2.6	454	Africa	Muslim
496	Guinea	2012	65.5	2.6	493.5	Africa	Muslim
497	Guinea-Bissau	2006	66.6	2.2	407.4	Africa	Ethnic
498	Guinea-Bissau	2010	68	2.3	534.1	Africa	Ethnic
499	Guinea-Bissau	2007	67.1	2.2	468.6	Africa	Ethnic
500	Guinea-Bissau	2008	67.4	2.2	569.6	Africa	Ethnic
501	Guinea-Bissau	2009	67.7	2.2	532.5	Africa	Ethnic
502	Guinea-Bissau	2005	66.2	2.2	412.8	Africa	Ethnic
503	Guinea-Bissau	2011	68.1	2.3	679.5	Africa	Ethnic
504	Guinea-Bissau	2012	68.1	2.4	576.4	Africa	Ethnic
505	Guyana	2011	42	0.6	3257.9	South America	Hindu
506	Guyana	2005	39.4	0.5	1084.2	South America	Hindu
507	Guyana	2006	39.6	0.6	1905.6	South America	Hindu
508	Guyana	2012	42.3	0.6	3584.7	South America	Hindu
509	Guyana	2008	40.5	0.7	2478.4	South America	Hindu
510	Guyana	2009	41	0.7	2593.4	South America	Hindu
511	Guyana	2010	41.6	0.6	2874	South America	Hindu
512	Guyana	2007	40	0.7	2259	South America	Hindu
513	Haiti	2005	58.4	1.4	448.6	North America	Catholic
514	Haiti	2006	58.7	1.4	519.7	North America	Catholic
515	Haiti	2007	59	1.3	618.6	North America	Catholic
516	Haiti	2010	60.1	1.3	669.2	North America	Catholic
517	Haiti	2011	60.3	1.4	749.2	North America	Catholic
518	Haiti	2008	59.4	1.3	679.4	North America	Catholic
519	Haiti	2009	59.7	1.3	674.3	North America	Catholic
520	Haiti	2012	60.6	1.4	775.5	North America	Catholic
521	Honduras	2008	41.1	2	1883.2	North America	Catholic
522	Honduras	2009	41.5	2	1952.9	North America	Catholic
523	Honduras	2011	42.2	2	2277.4	North America	Catholic
524	Honduras	2012	42.5	2	2339.3	North America	Catholic
525	Honduras	2007	40.7	2	1710.1	North America	Catholic
526	Honduras	2010	41.9	2	2078.3	North America	Catholic
527	Honduras	2005	39.6	2	1402	North America	Catholic
528	Honduras	2006	40.2	2	1540.6	North America	Catholic
529	Hong Kong SAR, China	2005	51.7	0.4	26649.8	Asia	Buddhist
530	Hong Kong SAR, China	2009	53	0.2	30697.3	Asia	Buddhist
531	Hong Kong SAR, China	2006	52	0.6	28224.2	Asia	Buddhist
532	Hong Kong SAR, China	2007	52.6	0.9	30594	Asia	Buddhist
533	Hong Kong SAR, China	2008	52.8	0.6	31515.7	Asia	Buddhist
534	Hong Kong SAR, China	2010	51.8	0.7	32550	Asia	Buddhist
535	Hong Kong SAR, China	2011	51.7	0.7	35142.5	Asia	Buddhist
536	Hong Kong SAR, China	2012	51.6	1.2	36707.9	Asia	Buddhist
537	Hungary	2006	43.1	-0.2	11342.9	Europe	Marxist
538	Hungary	2010	43.7	-0.2	12958.5	Europe	Marxist
539	Hungary	2007	42.8	-0.2	13781.1	Europe	Marxist
540	Hungary	2008	42.6	-0.2	15598.3	Europe	Marxist
541	Hungary	2009	42.7	-0.2	12906.8	Europe	Marxist
542	Hungary	2005	42.9	-0.2	11092.4	Europe	Marxist
543	Hungary	2011	43.9	-0.3	13983.5	Europe	Marxist
544	Hungary	2012	44.7	-0.5	12784.3	Europe	Marxist
545	Iceland	2011	69.8	0.3	45972.3	Europe	Oth. Chris.
546	Iceland	2005	70.8	1.6	56611.3	Europe	Oth. Chris.
547	Iceland	2006	71.3	2.3	56293.8	Europe	Oth. Chris.
548	Iceland	2012	70.6	0.5	44221.7	Europe	Oth. Chris.
549	Iceland	2008	70.8	1.9	55445.7	Europe	Oth. Chris.
550	Iceland	2009	69.9	0.3	40263.4	Europe	Oth. Chris.
551	Iceland	2010	70.4	-0.1	41696	Europe	Oth. Chris.
552	Iceland	2007	71.4	2.5	68835.3	Europe	Oth. Chris.
553	India	2005	36.9	1.5	740.1	Asia	Hindu
554	India	2006	35.1	1.4	830.2	Asia	Hindu
555	India	2007	33.4	1.4	1068.7	Asia	Hindu
556	India	2009	30.2	1.3	1147.2	Asia	Hindu
557	India	2010	28.6	1.3	1417.1	Asia	Hindu
558	India	2011	27.8	1.3	1539.6	Asia	Hindu
559	India	2008	31.8	1.3	1042.1	Asia	Hindu
560	India	2012	26.9	1.3	1503	Asia	Hindu
561	Indonesia	2008	51.2	1.4	2178.3	Oceania	Muslim
562	Indonesia	2009	51.2	1.4	2272	Oceania	Muslim
563	Indonesia	2010	51.2	1.3	2946.7	Oceania	Muslim
564	Indonesia	2012	51.3	1.2	3551.4	Oceania	Muslim
565	Indonesia	2006	50.4	1.4	1601	Oceania	Muslim
566	Indonesia	2007	50.8	1.4	1871.3	Oceania	Muslim
567	Indonesia	2011	51.3	1.3	3469.8	Oceania	Muslim
568	Indonesia	2005	50	1.4	1273.5	Oceania	Muslim
569	Iran, Islamic Rep.	2005	19.4	1.2	2737.1	Asia	Muslim
570	Iran, Islamic Rep.	2006	18.5	1.2	3140.2	Asia	Muslim
571	Iran, Islamic Rep.	2010	16	1.2	5674.9	Asia	Muslim
572	Iran, Islamic Rep.	2007	17.6	1.2	3983.6	Asia	Muslim
573	Iran, Islamic Rep.	2008	15.4	1.2	4899.3	Asia	Muslim
574	Iran, Islamic Rep.	2009	15.7	1.2	4931.3	Asia	Muslim
575	Iran, Islamic Rep.	2011	16.2	1.3	7006	Asia	Muslim
576	Iran, Islamic Rep.	2012	16.4	1.3	6578.1	Asia	Muslim
577	Iraq	2007	14	2.4	3091	Asia	Muslim
578	Iraq	2010	14.5	2.6	4473.7	Asia	Muslim
579	Iraq	2011	14.6	2.5	5848.5	Asia	Muslim
580	Iraq	2008	14.1	2.4	4472.1	Asia	Muslim
581	Iraq	2009	14.3	2.5	3701.9	Asia	Muslim
582	Iraq	2005	13.6	2.6	1824.7	Asia	Muslim
583	Iraq	2006	13.8	2.5	2321.2	Asia	Muslim
584	Iraq	2012	14.7	2.5	6631.6	Asia	Muslim
585	Ireland	2012	52.7	0.2	48391.3	Europe	Catholic
586	Ireland	2005	51.9	2.2	50567.8	Europe	Catholic
587	Ireland	2006	52.9	2.7	53934.4	Europe	Catholic
588	Ireland	2007	54.1	2.9	61215.5	Europe	Catholic
589	Ireland	2008	54	2	60971.1	Europe	Catholic
590	Ireland	2009	53.6	1	51493.5	Europe	Catholic
591	Ireland	2010	53.1	0.5	47900.8	Europe	Catholic
592	Ireland	2011	52.9	0.4	51951.6	Europe	Catholic
593	Israel	2005	50.1	1.8	20376.7	Asia	Others
594	Israel	2006	50.5	1.8	21581.8	Asia	Others
595	Israel	2007	51.1	1.8	24606.1	Asia	Others
596	Israel	2008	51.3	1.8	29268.9	Asia	Others
597	Israel	2011	52.6	1.8	33276.4	Asia	Others
598	Israel	2012	58.1	1.8	32514.6	Asia	Others
599	Israel	2009	52.2	2.4	27583.4	Asia	Others
600	Israel	2010	52.6	1.8	30550.9	Asia	Others
601	Italy	2009	38	0.5	36992.9	Europe	Catholic
602	Italy	2010	38	0.3	35875.7	Europe	Catholic
603	Italy	2011	38.1	0.2	38367.3	Europe	Catholic
604	Italy	2012	39.4	0.3	35132.2	Europe	Catholic
605	Italy	2007	37.8	0.5	37714.5	Europe	Catholic
606	Italy	2008	38.5	0.7	40661.2	Europe	Catholic
607	Italy	2005	37.7	0.5	31973.1	Europe	Catholic
608	Italy	2006	37.9	0.3	33424.5	Europe	Catholic
609	Jamaica	2005	57.5	0.4	4189.7	North America	Oth. Chris.
610	Jamaica	2006	57.8	0.4	4486.6	North America	Oth. Chris.
611	Jamaica	2010	55.7	0.4	4917	North America	Oth. Chris.
612	Jamaica	2007	58.2	0.4	4815.1	North America	Oth. Chris.
613	Jamaica	2008	58.5	0.4	5118.7	North America	Oth. Chris.
614	Jamaica	2009	56.6	0.4	4521.9	North America	Oth. Chris.
615	Jamaica	2011	55.5	0.3	5346.2	North America	Oth. Chris.
616	Jamaica	2012	56.1	0.3	5463.8	North America	Oth. Chris.
617	Japan	2007	48.5	0	34095	Asia	Others
618	Japan	2010	49.4	-0.1	43117.8	Asia	Others
619	Japan	2011	48.1	0.3	46203.7	Asia	Others
620	Japan	2008	48.5	-0.1	37972.1	Asia	Others
621	Japan	2009	48.7	-0.1	39473.4	Asia	Others
622	Japan	2005	48.4	0	35781.2	Asia	Others
623	Japan	2006	48.4	0	34102.1	Asia	Others
624	Japan	2012	48.1	-0.2	46679.3	Asia	Others
625	Jordan	2012	15.3	2.2	4909	Asia	Muslim
626	Jordan	2005	12.3	2.3	2326.5	Asia	Muslim
627	Jordan	2006	12.7	2.3	2719.8	Asia	Muslim
628	Jordan	2007	15.3	2.2	3022.5	Asia	Muslim
629	Jordan	2008	14.9	2.2	3797.4	Asia	Muslim
630	Jordan	2009	15.7	2.2	4026.8	Asia	Muslim
631	Jordan	2010	15.6	2.2	4370.7	Asia	Muslim
632	Jordan	2011	15.6	2.2	4666	Asia	Muslim
633	Kazakhstan	2005	64.6	0.9	3771.3	Asia	Muslim
634	Kazakhstan	2006	65.1	1.1	5291.6	Asia	Muslim
635	Kazakhstan	2007	65.7	1.1	6771.4	Asia	Muslim
636	Kazakhstan	2008	66.4	1.2	8513.6	Asia	Muslim
637	Kazakhstan	2011	67.3	1.4	11357.9	Asia	Muslim
638	Kazakhstan	2012	67.5	1.4	12120.3	Asia	Muslim
639	Kazakhstan	2009	66.7	2.6	7165.3	Asia	Muslim
640	Kazakhstan	2010	66.9	1.4	9070.6	Asia	Muslim
641	Kenya	2009	61.2	2.7	929.6	Africa	Ethnic
642	Kenya	2010	61.5	2.7	977.8	Africa	Ethnic
643	Kenya	2011	61.7	2.7	998.3	Africa	Ethnic
644	Kenya	2012	62	2.7	1165.7	Africa	Ethnic
645	Kenya	2007	60.6	2.7	846.5	Africa	Ethnic
646	Kenya	2008	60.9	2.7	925.8	Africa	Ethnic
647	Kenya	2005	60.2	2.7	523.6	Africa	Ethnic
648	Kenya	2006	60.4	2.7	702.6	Africa	Ethnic
649	Korea, Rep.	2005	50	0.2	18657.5	Asia	Buddhist
650	Korea, Rep.	2006	50.2	0.5	20917	Asia	Buddhist
651	Korea, Rep.	2010	49.3	0.5	22151.2	Asia	Buddhist
652	Korea, Rep.	2007	50.2	0.5	23101.4	Asia	Buddhist
653	Korea, Rep.	2008	49.9	0.7	20474.8	Asia	Buddhist
654	Korea, Rep.	2009	49	0.5	18338.7	Asia	Buddhist
655	Korea, Rep.	2011	49.5	0.7	24155.8	Asia	Buddhist
656	Korea, Rep.	2012	49.9	0.5	24454	Asia	Buddhist
657	Kuwait	2007	43.1	5.5	44902.3	Asia	Muslim
658	Kuwait	2010	42.8	4.8	38584.5	Asia	Muslim
659	Kuwait	2011	43.1	4.4	49295	Asia	Muslim
660	Kuwait	2008	42.5	5.6	54548.6	Asia	Muslim
661	Kuwait	2009	42.9	5.3	37160.5	Asia	Muslim
662	Kuwait	2005	44.4	4.4	35185.9	Asia	Muslim
663	Kuwait	2006	43.8	5.1	42011.8	Asia	Muslim
664	Kuwait	2012	43.4	3.9	53544	Asia	Muslim
665	Kyrgyz Republic	2012	55.7	1.7	1178	Asia	Muslim
666	Kyrgyz Republic	2005	54.1	1.1	476.5	Asia	Muslim
667	Kyrgyz Republic	2006	54.5	1.1	543.1	Asia	Muslim
668	Kyrgyz Republic	2007	54.6	1	721.8	Asia	Muslim
669	Kyrgyz Republic	2008	54.8	1	966.4	Asia	Muslim
670	Kyrgyz Republic	2009	54.9	1.2	871.2	Asia	Muslim
671	Kyrgyz Republic	2010	55.2	1.2	880	Asia	Muslim
672	Kyrgyz Republic	2011	55.4	1.2	1123.9	Asia	Muslim
673	Lao PDR	2005	77.5	1.6	472.4	Asia	Marxist
674	Lao PDR	2006	77.3	1.8	585.6	Asia	Marxist
675	Lao PDR	2007	77.1	2	702.3	Asia	Marxist
676	Lao PDR	2008	76.8	2.1	886.8	Asia	Marxist
677	Lao PDR	2009	76.6	2.1	930.6	Asia	Marxist
678	Lao PDR	2010	76.4	2	1122.9	Asia	Marxist
679	Lao PDR	2011	76.4	1.9	1265.7	Asia	Marxist
680	Lao PDR	2012	76.3	1.9	1408.3	Asia	Marxist
681	Latvia	2009	54.8	-1.7	12082.1	Europe	Oth. Chris.
682	Latvia	2010	53.8	-2.1	11446.5	Europe	Oth. Chris.
683	Latvia	2011	53.3	-1.8	13827.4	Europe	Oth. Chris.
684	Latvia	2012	54.5	-1.2	13947	Europe	Oth. Chris.
685	Latvia	2005	50.9	-1.1	7165.4	Europe	Oth. Chris.
686	Latvia	2006	52.3	-0.9	8986.4	Europe	Oth. Chris.
687	Latvia	2007	53.7	-0.8	13073.4	Europe	Oth. Chris.
688	Latvia	2008	55.1	-1.1	15463.7	Europe	Oth. Chris.
689	Lebanon	2005	20.3	3.4	5339.4	Asia	Muslim
690	Lebanon	2006	20.7	2.3	5342.5	Asia	Muslim
691	Lebanon	2007	21.1	1.5	5936.8	Asia	Muslim
692	Lebanon	2008	21.3	1.1	6887.1	Asia	Muslim
693	Lebanon	2012	22.8	1	9764.1	Asia	Muslim
694	Lebanon	2009	21.6	1.4	8274.1	Asia	Muslim
695	Lebanon	2010	22	2.2	8755.8	Asia	Muslim
696	Lebanon	2011	22.4	1	9144.6	Asia	Muslim
697	Lesotho	2009	58.6	0.9	858.7	Africa	Ethnic
698	Lesotho	2010	58.7	1	1083	Africa	Ethnic
699	Lesotho	2011	58.7	1	1225.6	Africa	Ethnic
700	Lesotho	2012	58.8	1.1	1134.9	Africa	Ethnic
701	Lesotho	2008	58.5	0.8	826.8	Africa	Ethnic
702	Lesotho	2005	61.8	0.7	710.5	Africa	Ethnic
703	Lesotho	2006	60.7	0.8	736.4	Africa	Ethnic
704	Lesotho	2007	59.6	0.8	816.8	Africa	Ethnic
705	Liberia	2005	58.5	2.6	165.8	Africa	Ethnic
706	Liberia	2009	58.1	4	302.3	Africa	Ethnic
707	Liberia	2006	58.4	3.5	178.5	Africa	Ethnic
708	Liberia	2007	58.1	4	209.8	Africa	Ethnic
709	Liberia	2008	58	4.2	231.4	Africa	Ethnic
710	Liberia	2010	58.1	3.5	326.6	Africa	Ethnic
711	Liberia	2011	58.2	3	376.9	Africa	Ethnic
712	Liberia	2012	58.2	2.7	413.8	Africa	Ethnic
713	Libya	2006	29.8	1.6	9933.1	Africa	Muslim
714	Libya	2010	29.8	1.3	12375.4	Africa	Muslim
715	Libya	2007	29.9	1.7	12418.2	Africa	Muslim
716	Libya	2008	30	1.6	15853.5	Africa	Muslim
717	Libya	2009	30	1.5	10455.6	Africa	Muslim
718	Libya	2005	29.6	1.6	7864.9	Africa	Muslim
719	Libya	2011	29.9	1	5685.4	Africa	Muslim
720	Libya	2012	30	0.8	13302.8	Africa	Muslim
721	Lithuania	2011	55	-2.3	14227.7	Europe	Catholic
722	Lithuania	2012	55.8	-1.3	14172.3	Europe	Catholic
723	Lithuania	2005	51	-1.6	7851	Europe	Catholic
724	Lithuania	2006	50.9	-1.6	9249.9	Europe	Catholic
725	Lithuania	2007	51.3	-1.2	12170.4	Europe	Catholic
726	Lithuania	2008	51.8	-1	14832.7	Europe	Catholic
727	Lithuania	2009	53.6	-1.1	11713.9	Europe	Catholic
728	Lithuania	2010	54.3	-2.1	11852.2	Europe	Catholic
729	Luxembourg	2005	45.4	1.5	79593.6	Europe	Catholic
730	Luxembourg	2006	46.8	1.6	88395.7	Europe	Catholic
731	Luxembourg	2007	47	1.5	102518.1	Europe	Catholic
732	Luxembourg	2008	47.1	1.8	112481.2	Europe	Catholic
733	Luxembourg	2012	50.7	2.4	106022.8	Europe	Catholic
734	Luxembourg	2009	48.9	1.9	100729.3	Europe	Catholic
735	Luxembourg	2010	48.8	1.8	102857	Europe	Catholic
736	Luxembourg	2011	49.3	2.2	113738.7	Europe	Catholic
737	Macao SAR, China	2009	65.9	2.7	40860	Asia	Ethnic
738	Macao SAR, China	2010	65.7	2.5	53045.9	Asia	Ethnic
739	Macao SAR, China	2011	65.8	2.2	67062.5	Asia	Ethnic
740	Macao SAR, China	2012	65.9	1.9	77196.1	Asia	Ethnic
741	Macao SAR, China	2008	65	2.9	40847.1	Asia	Ethnic
742	Macao SAR, China	2005	59	2.1	25189.8	Asia	Ethnic
743	Macao SAR, China	2006	60.8	2.5	30363.6	Asia	Ethnic
744	Macao SAR, China	2007	64.1	2.8	36606.8	Asia	Ethnic
745	Macedonia, FYR	2005	42.2	0.2	2864	Europe	Oth. Chris.
746	Macedonia, FYR	2009	42.4	0.1	4433.9	Europe	Oth. Chris.
747	Macedonia, FYR	2006	41.9	0.2	3133.3	Europe	Oth. Chris.
748	Macedonia, FYR	2007	42.9	0.1	3891.9	Europe	Oth. Chris.
749	Macedonia, FYR	2008	42.6	0.1	4685.6	Europe	Oth. Chris.
750	Macedonia, FYR	2010	42.8	0.1	4442.3	Europe	Oth. Chris.
751	Macedonia, FYR	2011	43.4	0.1	4941	Europe	Oth. Chris.
752	Macedonia, FYR	2012	42.9	0.1	4548.2	Europe	Oth. Chris.
753	Madagascar	2006	84.9	2.9	293	Africa	Oth. Chris.
754	Madagascar	2010	87.2	2.8	414.1	Africa	Oth. Chris.
755	Madagascar	2007	85.6	2.9	379.1	Africa	Oth. Chris.
756	Madagascar	2008	86.2	2.8	472.4	Africa	Oth. Chris.
757	Madagascar	2009	86.7	2.8	417.2	Africa	Oth. Chris.
758	Madagascar	2005	84.1	2.9	275.5	Africa	Oth. Chris.
759	Madagascar	2011	87	2.8	456.3	Africa	Oth. Chris.
760	Madagascar	2012	86.8	2.8	445	Africa	Oth. Chris.
761	Malawi	2011	84.9	2.9	364.1	Africa	Ethnic
762	Malawi	2012	84.7	2.9	266.6	Africa	Ethnic
763	Malawi	2005	79.2	2.8	213.2	Africa	Ethnic
764	Malawi	2006	82	2.9	234.2	Africa	Ethnic
765	Malawi	2007	83.4	3	266	Africa	Ethnic
766	Malawi	2008	85.6	3	302.5	Africa	Ethnic
767	Malawi	2009	85.3	3	345.2	Africa	Ethnic
768	Malawi	2010	85.1	3	359.6	Africa	Ethnic
769	Malaysia	2005	44.3	1.9	5553.9	Asia	Muslim
770	Malaysia	2006	44.3	1.9	6179.6	Asia	Muslim
771	Malaysia	2007	44.3	1.8	7218.4	Asia	Muslim
772	Malaysia	2008	44.3	1.8	8460.4	Asia	Muslim
773	Malaysia	2012	44.3	1.7	10440	Asia	Muslim
774	Malaysia	2009	44.2	1.8	7277.8	Asia	Muslim
775	Malaysia	2010	44.1	1.7	8754.2	Asia	Muslim
776	Malaysia	2011	44.2	1.7	10068.1	Asia	Muslim
777	Maldives	2009	54.5	1.8	6208.6	Asia	Muslim
778	Maldives	2010	55.1	1.9	6552.5	Asia	Muslim
779	Maldives	2011	55.5	1.9	6515.7	Asia	Muslim
780	Maldives	2012	55.9	1.9	6243.8	Asia	Muslim
781	Maldives	2008	54	1.8	6027.3	Asia	Muslim
782	Maldives	2005	50.2	1.7	3335.2	Asia	Muslim
783	Maldives	2006	52.9	1.7	4304.1	Asia	Muslim
784	Maldives	2007	53.4	1.8	5002.5	Asia	Muslim
785	Mali	2005	38.1	3.1	444.3	Africa	Muslim
786	Mali	2009	47.7	3.2	661.1	Africa	Muslim
787	Mali	2006	40.5	3.2	496.7	Africa	Muslim
788	Mali	2007	42.8	3.2	561.5	Africa	Muslim
789	Mali	2008	45.3	3.2	665.1	Africa	Muslim
790	Mali	2010	50.2	3.1	673.7	Africa	Muslim
791	Mali	2011	50.4	3	738.6	Africa	Muslim
792	Mali	2012	50.6	3	696.2	Africa	Muslim
793	Malta	2006	30.5	0.4	15766.1	Europe	Catholic
794	Malta	2010	34.6	0.5	19695.3	Europe	Catholic
795	Malta	2007	32.3	0.3	18474	Europe	Catholic
796	Malta	2008	33.4	0.7	20895.8	Europe	Catholic
797	Malta	2009	33.7	0.8	19636	Europe	Catholic
798	Malta	2005	30.3	0.6	14810	Europe	Catholic
799	Malta	2012	38	0.8	21130	Europe	Catholic
800	Malta	2011	35.6	0.4	22346.3	Europe	Catholic
801	Mauritania	2012	28.6	2.5	1042.8	Africa	Muslim
802	Mauritania	2006	24.7	2.9	833.7	Africa	Muslim
803	Mauritania	2011	28.4	2.6	1117	Africa	Muslim
804	Mauritania	2005	25.9	2.9	590.5	Africa	Muslim
805	Mauritania	2010	28.3	2.6	977.2	Africa	Muslim
806	Mauritania	2007	26.4	2.8	852.1	Africa	Muslim
807	Mauritania	2008	26.9	2.8	1047.4	Africa	Muslim
808	Mauritania	2009	28	2.7	860.9	Africa	Muslim
809	Mauritius	2005	41.1	0.8	5054.3	Africa	Hindu
810	Mauritius	2006	41.4	0.8	5373.6	Africa	Hindu
811	Mauritius	2007	40.7	0.6	6182.2	Africa	Hindu
812	Mauritius	2008	41.5	0.6	7600	Africa	Hindu
813	Mauritius	2009	41.8	0.5	6929	Africa	Hindu
814	Mauritius	2010	43.3	0.5	7586.9	Africa	Hindu
815	Mauritius	2011	43.4	0.4	8749.6	Africa	Hindu
816	Mauritius	2012	43.5	0.4	8861.8	Africa	Hindu
817	Mexico	2010	43.8	1.2	8920.7	North America	Catholic
818	Mexico	2005	41.1	1.2	7823.8	North America	Catholic
819	Mexico	2011	43.2	1.2	9802.9	North America	Catholic
820	Mexico	2012	45	1.2	9817.8	North America	Catholic
821	Mexico	2008	43.5	1.3	9559.8	North America	Catholic
822	Mexico	2009	42.8	1.3	7690.2	North America	Catholic
823	Mexico	2006	42.2	1.2	8622.6	North America	Catholic
824	Mexico	2007	42.9	1.3	9190.5	North America	Catholic
825	Moldova	2005	46.9	-0.2	831.2	Europe	Oth. Chris.
826	Moldova	2006	41.9	-0.3	950.7	Europe	Oth. Chris.
827	Moldova	2010	37.6	-0.1	1631.5	Europe	Oth. Chris.
828	Moldova	2007	41.3	-0.2	1230.8	Europe	Oth. Chris.
829	Moldova	2008	40.8	-0.2	1696	Europe	Oth. Chris.
830	Moldova	2009	38.4	-0.1	1525.5	Europe	Oth. Chris.
831	Moldova	2011	38.2	-0.1	1970.8	Europe	Oth. Chris.
832	Moldova	2012	37	0	2046.5	Europe	Oth. Chris.
833	Mongolia	2007	55.6	1.4	1631.9	Asia	Marxist
834	Mongolia	2010	55.1	1.5	2285.6	Asia	Marxist
835	Mongolia	2011	55.6	1.5	3181.1	Asia	Marxist
836	Mongolia	2008	53.8	1.4	2135.8	Asia	Marxist
837	Mongolia	2009	55.5	1.5	1715.4	Asia	Marxist
838	Mongolia	2005	55.4	1.2	998.8	Asia	Marxist
839	Mongolia	2006	55.5	1.3	1333.9	Asia	Marxist
840	Mongolia	2012	56.1	1.5	3691.1	Asia	Marxist
841	Montenegro	2012	43	0.1	6514.1	Europe	Oth. Chris.
842	Montenegro	2007	44.2	0.2	5945.9	Europe	Oth. Chris.
843	Montenegro	2005	42.9	0.2	3665.3	Europe	Oth. Chris.
844	Montenegro	2006	43.4	0.2	4370.6	Europe	Oth. Chris.
845	Montenegro	2011	42.2	0.1	7253.4	Europe	Oth. Chris.
846	Montenegro	2008	44.2	0.1	7335.9	Europe	Oth. Chris.
847	Montenegro	2009	43.8	0.1	6713.1	Europe	Oth. Chris.
848	Montenegro	2010	43	0.1	6636.1	Europe	Oth. Chris.
849	Morocco	2005	27.9	0.9	1948.2	Africa	Muslim
850	Morocco	2006	27.2	0.9	2128.1	Africa	Muslim
851	Morocco	2007	27.1	0.9	2416.3	Africa	Muslim
852	Morocco	2008	26.6	0.9	2827.3	Africa	Muslim
853	Morocco	2009	25.8	1	2861	Africa	Muslim
854	Morocco	2010	25.9	1.2	2822.7	Africa	Muslim
855	Morocco	2011	26.1	1.3	3044.1	Africa	Muslim
856	Morocco	2012	26.3	1.4	2900	Africa	Muslim
857	Mozambique	2010	86.2	2.6	424.1	Africa	Ethnic
858	Mozambique	2005	87.4	2.8	313.1	Africa	Ethnic
859	Mozambique	2011	86	2.5	538.8	Africa	Ethnic
860	Mozambique	2012	85.7	2.5	593.3	Africa	Ethnic
861	Mozambique	2008	86.7	2.6	484.4	Africa	Ethnic
862	Mozambique	2009	86.4	2.6	459.2	Africa	Ethnic
863	Mozambique	2006	87.2	2.7	328.7	Africa	Ethnic
864	Mozambique	2007	86.9	2.7	414.6	Africa	Ethnic
865	Namibia	2005	55.5	1.2	3582.2	Africa	Oth. Chris.
866	Namibia	2006	56.6	1.3	3886.5	Africa	Oth. Chris.
867	Namibia	2010	56.5	1.6	5177.7	Africa	Oth. Chris.
868	Namibia	2007	57.6	1.3	4201	Africa	Oth. Chris.
869	Namibia	2008	58.6	1.4	4020.5	Africa	Oth. Chris.
870	Namibia	2009	57.6	1.5	4140.9	Africa	Oth. Chris.
871	Namibia	2011	55.4	1.8	5597.2	Africa	Oth. Chris.
872	Namibia	2012	54.3	1.9	5770.3	Africa	Oth. Chris.
873	Nepal	2007	80	1.2	397.9	Asia	Hindu
874	Nepal	2010	79.9	1.1	595.8	Asia	Hindu
875	Nepal	2011	79.9	1.1	694.1	Asia	Hindu
876	Nepal	2008	79.8	1.1	477.9	Asia	Hindu
877	Nepal	2009	79.9	1.1	486	Asia	Hindu
878	Nepal	2005	80.5	1.5	321.5	Asia	Hindu
879	Nepal	2006	80.2	1.3	352.8	Asia	Hindu
880	Nepal	2012	79.9	1.2	699.1	Asia	Hindu
881	Netherlands	2012	58.7	0.4	49128.1	Europe	Oth. Chris.
882	Netherlands	2007	58.5	0.2	50858.5	Europe	Oth. Chris.
883	Netherlands	2005	56.8	0.2	41198.7	Europe	Oth. Chris.
884	Netherlands	2006	57.3	0.2	44009	Europe	Oth. Chris.
885	Netherlands	2011	58.2	0.5	53540.6	Europe	Oth. Chris.
886	Netherlands	2008	59.3	0.4	56630.8	Europe	Oth. Chris.
887	Netherlands	2009	59.7	0.5	51906.5	Europe	Oth. Chris.
888	Netherlands	2010	58.2	0.5	50338.3	Europe	Oth. Chris.
889	New Zealand	2005	60.3	1.1	27526.4	Oceania	Oth. Chris.
890	New Zealand	2006	60.8	1.2	26336	Oceania	Oth. Chris.
891	New Zealand	2007	61.3	1	31997.4	Oceania	Oth. Chris.
892	New Zealand	2008	61.6	1	30560.4	Oceania	Oth. Chris.
893	New Zealand	2009	61.6	1.1	27562.2	Oceania	Oth. Chris.
894	New Zealand	2010	61.5	1.2	32846.5	Oceania	Oth. Chris.
895	New Zealand	2011	61.9	0.9	37192.7	Oceania	Oth. Chris.
896	New Zealand	2012	62.1	0.6	38678.4	Oceania	Oth. Chris.
897	Nicaragua	2010	46.2	1.4	1535.2	North America	Catholic
898	Nicaragua	2005	43.5	1.3	1159	North America	Catholic
899	Nicaragua	2011	46.6	1.4	1676.3	North America	Catholic
900	Nicaragua	2012	47	1.5	1776.6	North America	Catholic
901	Nicaragua	2008	45.4	1.3	1498.1	North America	Catholic
902	Nicaragua	2009	45.8	1.3	1459.2	North America	Catholic
903	Nicaragua	2006	44.6	1.3	1228.3	North America	Catholic
904	Nicaragua	2007	45	1.3	1332.9	North America	Catholic
905	Niger	2005	39.2	3.7	258.3	Africa	Muslim
906	Niger	2006	39.3	3.7	266.6	Africa	Muslim
907	Niger	2010	39.8	3.8	359.8	Africa	Muslim
908	Niger	2007	39.4	3.7	302.3	Africa	Muslim
909	Niger	2008	39.5	3.7	366.6	Africa	Muslim
910	Niger	2009	39.6	3.8	352.7	Africa	Muslim
911	Niger	2011	39.9	3.8	388.2	Africa	Muslim
912	Niger	2012	39.9	3.8	385.3	Africa	Muslim
913	Nigeria	2007	47.7	2.7	1130.9	Africa	Muslim
914	Nigeria	2010	47.9	2.7	2310.9	Africa	Muslim
915	Nigeria	2011	48	2.8	2507.7	Africa	Muslim
916	Nigeria	2008	47.8	2.7	1376	Africa	Muslim
917	Nigeria	2009	47.9	2.7	1090.7	Africa	Muslim
918	Nigeria	2005	47.6	2.6	804.2	Africa	Muslim
919	Nigeria	2006	47.7	2.6	1014.8	Africa	Muslim
920	Nigeria	2012	48.1	2.8	2742.2	Africa	Muslim
921	Norway	2012	61.5	1.3	99635.9	Europe	Oth. Chris.
922	Norway	2011	61.5	1.3	99091.1	Europe	Oth. Chris.
923	Norway	2007	61.6	1	83556.3	Europe	Oth. Chris.
924	Norway	2005	60.3	0.7	65767	Europe	Oth. Chris.
925	Norway	2006	60.4	0.8	72959.7	Europe	Oth. Chris.
926	Norway	2008	62.8	1.2	95189.9	Europe	Oth. Chris.
927	Norway	2009	62.2	1.3	78457.4	Europe	Oth. Chris.
928	Norway	2010	61.4	1.2	86096.1	Europe	Oth. Chris.
929	Oman	2006	25.9	1.3	14566.4	Asia	Muslim
930	Oman	2010	27.8	5.1	20922.7	Asia	Muslim
931	Oman	2007	26.4	0.6	16377.3	Asia	Muslim
932	Oman	2008	26.7	0.9	23483.6	Asia	Muslim
933	Oman	2009	27.3	2.7	18169.1	Asia	Muslim
934	Oman	2005	25.5	2.3	12322.7	Asia	Muslim
935	Oman	2011	28.2	7.6	22984.2	Asia	Muslim
936	Oman	2012	28.6	9.1	23384.8	Asia	Muslim
937	Pakistan	2011	24.1	1.7	1212.4	Asia	Muslim
938	Pakistan	2005	19.3	1.8	693.2	Asia	Muslim
939	Pakistan	2006	20.9	1.8	853.1	Asia	Muslim
940	Pakistan	2012	24.4	1.7	1252.4	Asia	Muslim
941	Pakistan	2008	21.5	1.9	1018.4	Asia	Muslim
942	Pakistan	2009	22.8	1.8	987	Asia	Muslim
943	Pakistan	2010	23.9	1.8	1023.2	Asia	Muslim
944	Pakistan	2007	21.1	1.9	929.6	Asia	Muslim
945	Panama	2005	47.9	1.9	4594.5	South America	Catholic
946	Panama	2006	46.5	1.8	4998.4	South America	Catholic
947	Panama	2007	47.4	1.8	6050.3	South America	Catholic
948	Panama	2011	48.9	1.7	8895.2	South America	Catholic
949	Panama	2008	48.5	1.8	7002.7	South America	Catholic
950	Panama	2009	49.5	1.7	7169.9	South America	Catholic
951	Panama	2010	48.8	1.7	7833.9	South America	Catholic
952	Panama	2012	49	1.6	9982.5	South America	Catholic
953	Papua New Guinea	2008	71	2.4	1222.8	Oceania	Ethnic
954	Papua New Guinea	2010	70.6	2.3	1382.1	Oceania	Ethnic
955	Papua New Guinea	2011	70.6	2.2	1767.2	Oceania	Ethnic
956	Papua New Guinea	2012	70.5	2.2	2184.2	Oceania	Ethnic
957	Papua New Guinea	2009	70.9	2.3	1180.4	Oceania	Ethnic
958	Papua New Guinea	2005	71.3	2.4	804.1	Oceania	Ethnic
959	Papua New Guinea	2006	71.3	2.4	896.4	Oceania	Ethnic
960	Papua New Guinea	2007	71.1	2.4	989.3	Oceania	Ethnic
961	Paraguay	2012	55.4	1.7	3680.2	South America	Catholic
962	Paraguay	2008	55.5	1.8	2967.3	South America	Catholic
963	Paraguay	2005	54.6	1.9	1479.4	South America	Catholic
964	Paraguay	2006	55.3	1.9	1772.6	South America	Catholic
965	Paraguay	2007	55.9	1.8	2252.1	South America	Catholic
966	Paraguay	2009	57.2	1.8	2509.7	South America	Catholic
967	Paraguay	2010	54.8	1.8	3100.8	South America	Catholic
968	Paraguay	2011	55.1	1.7	3814.2	South America	Catholic
969	Peru	2006	58.1	1.1	3138.9	South America	Catholic
970	Peru	2010	67.6	1.1	5075.5	South America	Catholic
971	Peru	2007	64.9	1.1	3606.7	South America	Catholic
972	Peru	2008	65.5	1	4246.9	South America	Catholic
973	Peru	2009	67.5	1.1	4188.8	South America	Catholic
974	Peru	2005	57.6	1.2	2704	South America	Catholic
975	Peru	2011	67.8	1.2	5759.4	South America	Catholic
976	Peru	2012	68	1.3	6423.6	South America	Catholic
977	Philippines	2011	50.9	1.7	2358.1	Oceania	Catholic
978	Philippines	2005	49.8	1.9	1200.9	Oceania	Catholic
979	Philippines	2006	48.7	1.8	1398.8	Oceania	Catholic
980	Philippines	2012	51	1.7	2587.6	Oceania	Catholic
981	Philippines	2008	48.7	1.7	1921	Oceania	Catholic
982	Philippines	2009	49.3	1.7	1832	Oceania	Catholic
983	Philippines	2010	50.3	1.7	2135.9	Oceania	Catholic
984	Philippines	2007	48.3	1.7	1680.6	Oceania	Catholic
985	Poland	2005	47.5	0	7976.1	Europe	Marxist
986	Poland	2006	46.6	-0.1	9001.8	Europe	Marxist
987	Poland	2007	46.4	-0.1	11252.4	Europe	Marxist
988	Poland	2011	48.5	0.9	13607.7	Europe	Marxist
989	Poland	2008	46.7	0	13906.2	Europe	Marxist
990	Poland	2009	47.4	0.1	11440.6	Europe	Marxist
991	Poland	2010	48.3	0.1	12484.1	Europe	Marxist
992	Poland	2012	48.9	0	12876.5	Europe	Marxist
993	Portugal	2008	56.1	0.1	24816.5	Europe	Catholic
994	Portugal	2010	56.3	0	22538.7	Europe	Catholic
995	Portugal	2011	55.3	-0.1	23196.2	Europe	Catholic
996	Portugal	2012	55.4	-0.4	20732.6	Europe	Catholic
997	Portugal	2009	56	0.1	23062.6	Europe	Catholic
998	Portugal	2005	55.4	0.2	18784.5	Europe	Catholic
999	Portugal	2006	55.8	0.2	19820.4	Europe	Catholic
1000	Portugal	2007	56.2	0.2	22778.9	Europe	Catholic
1001	Puerto Rico	2012	34.1	-1	27681.6	North America	Catholic
1002	Puerto Rico	2008	36.9	-0.6	24898.3	North America	Catholic
1003	Puerto Rico	2005	38.1	-0.1	21959.3	North America	Catholic
1004	Puerto Rico	2006	38.8	-0.4	22935.9	North America	Catholic
1005	Puerto Rico	2007	37.5	-0.6	23664.9	North America	Catholic
1006	Puerto Rico	2009	37.5	-0.5	25768.7	North America	Catholic
1007	Puerto Rico	2010	35.1	-0.5	26438	North America	Catholic
1008	Puerto Rico	2011	34.5	-0.9	27220.8	North America	Catholic
1009	Qatar	2006	47.8	16.4	62920.6	Asia	Muslim
1010	Qatar	2010	50.5	11.2	71510.2	Asia	Muslim
1011	Qatar	2007	50.1	17.5	69166.7	Asia	Muslim
1012	Qatar	2008	50.2	16.5	84812.4	Asia	Muslim
1013	Qatar	2009	50.1	14	62527.6	Asia	Muslim
1014	Qatar	2005	44.7	13.1	54228.8	Asia	Muslim
1015	Qatar	2011	50.7	8.8	88861	Asia	Muslim
1016	Qatar	2012	50.8	7.1	92801	Asia	Muslim
1017	Romania	2011	48.3	-0.5	9063.7	Europe	Marxist
1018	Romania	2005	48	-0.6	4651.7	Europe	Marxist
1019	Romania	2006	48.9	-0.6	5789.2	Europe	Marxist
1020	Romania	2012	48.5	-0.4	8437.4	Europe	Marxist
1021	Romania	2008	48.1	-1.7	9949.4	Europe	Marxist
1022	Romania	2009	47.9	-0.8	8069	Europe	Marxist
1023	Romania	2010	48.2	-0.6	8139.1	Europe	Marxist
1024	Romania	2007	48.6	-1.5	8170.1	Europe	Marxist
1025	Russian Federation	2005	56.2	-0.5	5338.4	Europe	Oth. Chris.
1026	Russian Federation	2006	56.5	-0.4	6947.5	Europe	Oth. Chris.
1027	Russian Federation	2007	57.1	-0.3	9145.5	Europe	Oth. Chris.
1028	Russian Federation	2011	56.9	0.4	13324.3	Europe	Oth. Chris.
1029	Russian Federation	2008	56.9	-0.1	11699.7	Europe	Oth. Chris.
1030	Russian Federation	2009	57	0	8615.7	Europe	Oth. Chris.
1031	Russian Federation	2010	56.4	0.3	10709.8	Europe	Oth. Chris.
1032	Russian Federation	2012	57	0.2	14090.6	Europe	Oth. Chris.
1033	Rwanda	2008	86.4	2.9	469.2	Africa	Ethnic
1034	Rwanda	2010	86.7	2.9	525.9	Africa	Ethnic
1035	Rwanda	2011	86.7	2.8	574.9	Africa	Ethnic
1036	Rwanda	2012	86.5	2.8	630.1	Africa	Ethnic
1037	Rwanda	2009	86.6	3	504.2	Africa	Ethnic
1038	Rwanda	2005	85.7	1.9	273.8	Africa	Ethnic
1039	Rwanda	2006	85.9	2.4	321.9	Africa	Ethnic
1040	Rwanda	2007	86.1	2.7	380.3	Africa	Ethnic
1041	Sao Tome and Principe	2005	41.2	2.5	797.2	Africa	Catholic
1042	Sao Tome and Principe	2006	41.7	2.7	851.2	Africa	Catholic
1043	Sao Tome and Principe	2007	42.3	2.8	882.9	Africa	Catholic
1044	Sao Tome and Principe	2008	42.9	2.9	1090.4	Africa	Catholic
1045	Sao Tome and Principe	2009	43.4	2.9	1134.1	Africa	Catholic
1046	Sao Tome and Principe	2010	44	2.8	1128	Africa	Catholic
1047	Sao Tome and Principe	2011	44.5	2.7	1355.4	Africa	Catholic
1048	Sao Tome and Principe	2012	44.9	2.7	1400	Africa	Catholic
1049	Saudi Arabia	2005	17.6	3.5	13303.3	Asia	Muslim
1050	Saudi Arabia	2006	18.3	2.7	14855	Asia	Muslim
1051	Saudi Arabia	2007	18	2.1	16048.6	Asia	Muslim
1052	Saudi Arabia	2008	17.7	1.7	19714.4	Asia	Muslim
1053	Saudi Arabia	2009	17.4	1.6	16013.3	Asia	Muslim
1054	Saudi Arabia	2010	17.7	1.7	19326.6	Asia	Muslim
1055	Saudi Arabia	2011	18	1.8	24116.2	Asia	Muslim
1056	Saudi Arabia	2012	18.2	1.9	25946	Asia	Muslim
1057	Senegal	2005	64.7	2.7	772.5	Africa	Muslim
1058	Senegal	2006	65	2.7	808	Africa	Muslim
1059	Senegal	2007	65.1	2.7	947.9	Africa	Muslim
1060	Senegal	2008	65.2	2.8	1093.8	Africa	Muslim
1061	Senegal	2009	65.5	2.8	1018	Africa	Muslim
1062	Senegal	2010	65.7	2.8	998.6	Africa	Muslim
1063	Senegal	2011	65.8	2.9	1083.3	Africa	Muslim
1064	Senegal	2012	65.9	2.9	1023.3	Africa	Muslim
1065	Serbia	2005	45.7	-0.3	3528.1	Europe	Oth. Chris.
1066	Serbia	2005	45.7	-0.3	3528.1	Europe	Oth. Chris.
1067	Serbia	2006	45.8	-0.4	4129.8	Europe	Oth. Chris.
1068	Serbia	2006	45.8	-0.4	4129.8	Europe	Oth. Chris.
1069	Serbia	2007	46.5	-0.4	5458.1	Europe	Oth. Chris.
1070	Serbia	2007	46.5	-0.4	5458.1	Europe	Oth. Chris.
1071	Serbia	2008	46.5	-0.4	6701.8	Europe	Oth. Chris.
1072	Serbia	2008	46.5	-0.4	6701.8	Europe	Oth. Chris.
1073	Serbia	2009	45.2	-0.4	5821.3	Europe	Oth. Chris.
1074	Serbia	2009	45.2	-0.4	5821.3	Europe	Oth. Chris.
1075	Serbia	2010	43.9	-0.4	5399.3	Europe	Oth. Chris.
1076	Serbia	2010	43.9	-0.4	5399.3	Europe	Oth. Chris.
1077	Serbia	2011	44.1	-0.8	6422.7	Europe	Oth. Chris.
1078	Serbia	2011	44.1	-0.8	6422.7	Europe	Oth. Chris.
1079	Serbia	2012	44.3	-0.5	5666.2	Europe	Oth. Chris.
1080	Serbia	2012	44.3	-0.5	5666.2	Europe	Oth. Chris.
1081	Sierra Leone	2005	65.5	3.8	317.9	Africa	Ethnic
1082	Sierra Leone	2006	65.6	3.1	357.4	Africa	Ethnic
1083	Sierra Leone	2007	65.6	2.5	398.6	Africa	Ethnic
1084	Sierra Leone	2008	65.7	2.1	452.9	Africa	Ethnic
1085	Sierra Leone	2009	65.7	2	435	Africa	Ethnic
1086	Sierra Leone	2010	65.7	1.9	448.2	Africa	Ethnic
1087	Sierra Leone	2011	65.7	2	498.7	Africa	Ethnic
1088	Sierra Leone	2012	65.7	1.9	590.3	Africa	Ethnic
1089	Singapore	2005	53.5	2.4	29869.6	Asia	Buddhist
1090	Singapore	2006	55.1	3.1	33578.9	Asia	Buddhist
1091	Singapore	2007	55.4	4.2	39223.5	Asia	Buddhist
1092	Singapore	2008	56.4	5.3	39722.1	Asia	Buddhist
1093	Singapore	2009	56.1	3	38577	Asia	Buddhist
1094	Singapore	2010	57.3	1.8	46569.7	Asia	Buddhist
1095	Singapore	2011	58.1	2.1	52870.5	Asia	Buddhist
1096	Singapore	2012	59	2.5	54007.3	Asia	Buddhist
1097	Slovak Republic	2005	51.2	0	11665.5	Europe	Catholic
1098	Slovak Republic	2006	50.6	0	13111.8	Europe	Catholic
1099	Slovak Republic	2007	50.4	0	16006.9	Europe	Catholic
1100	Slovak Republic	2008	51	0.1	18558.9	Europe	Catholic
1101	Slovak Republic	2009	50.3	0.1	16455.2	Europe	Catholic
1102	Slovak Republic	2010	50.8	0.1	16509.9	Europe	Catholic
1103	Slovak Republic	2011	50.4	0.1	18065.7	Europe	Catholic
1104	Slovak Republic	2012	51	0.2	17151.2	Europe	Catholic
1105	Slovenia	2005	52.8	0.2	18168.1	Europe	Catholic
1106	Slovenia	2006	53.2	0.3	19725	Europe	Catholic
1107	Slovenia	2007	53.4	0.6	23841.3	Europe	Catholic
1108	Slovenia	2008	53.6	0.2	27501.8	Europe	Catholic
1109	Slovenia	2009	53.5	0.9	24633.8	Europe	Catholic
1110	Slovenia	2010	53.1	0.4	23417.6	Europe	Catholic
1111	Slovenia	2011	52.3	0.2	24964.8	Europe	Catholic
1112	Slovenia	2012	52.3	0.2	22488.4	Europe	Catholic
1113	Solomon Islands	2005	53.7	2.5	882	Oceania	Oth. Chris.
1114	Solomon Islands	2006	53.7	2.4	950.1	Oceania	Oth. Chris.
1115	Solomon Islands	2007	53.6	2.3	1048.9	Oceania	Oth. Chris.
1116	Solomon Islands	2008	53.5	2.3	1208	Oceania	Oth. Chris.
1117	Solomon Islands	2009	53.4	2.2	1160.8	Oceania	Oth. Chris.
1118	Solomon Islands	2010	53.4	2.2	1294.7	Oceania	Oth. Chris.
1119	Solomon Islands	2011	53.4	2.2	1614.5	Oceania	Oth. Chris.
1120	Solomon Islands	2012	53.4	2.1	1801.2	Oceania	Oth. Chris.
1121	South Africa	2005	46.5	1.3	5185.8	Africa	Oth. Chris.
1122	South Africa	2006	47.6	1.3	5407.3	Africa	Oth. Chris.
1123	South Africa	2007	46.4	1.3	5851	Africa	Oth. Chris.
1124	South Africa	2008	46.7	1.3	5511.2	Africa	Oth. Chris.
1125	South Africa	2009	44.9	1.3	5658.4	Africa	Oth. Chris.
1126	South Africa	2010	43.5	1.3	7175.6	Africa	Oth. Chris.
1127	South Africa	2011	43.9	1.3	7830.5	Africa	Oth. Chris.
1128	South Africa	2012	44.2	1.3	7314	Africa	Oth. Chris.
1129	Spain	2005	45.8	1.7	26510.1	Europe	Catholic
1130	Spain	2006	47.3	1.7	28481.2	Europe	Catholic
1131	Spain	2007	48.2	1.9	32707.7	Europe	Catholic
1132	Spain	2008	49.6	1.6	35580.1	Europe	Catholic
1133	Spain	2009	50.7	0.9	32331.5	Europe	Catholic
1134	Spain	2010	51.4	0.5	30736	Europe	Catholic
1135	Spain	2011	52.1	0.4	31975	Europe	Catholic
1136	Spain	2012	52.6	0	28992.6	Europe	Catholic
1137	St. Lucia	2005	63.1	1.2	5655.5	North America	Oth. Chris.
1138	St. Lucia	2006	62.3	1.4	6363.8	North America	Oth. Chris.
1139	St. Lucia	2007	61.8	1.5	6720.4	North America	Oth. Chris.
1140	St. Lucia	2008	62.1	1.5	6781.4	North America	Oth. Chris.
1141	St. Lucia	2009	62.2	1.4	6715.8	North America	Oth. Chris.
1142	St. Lucia	2010	62.4	1.2	7014.2	North America	Oth. Chris.
1143	St. Lucia	2011	62.5	1.1	7193.2	North America	Oth. Chris.
1144	St. Lucia	2012	62.6	0.9	7202.2	North America	Oth. Chris.
1145	St. Vincent and the Grenadines	2005	53.3	0.2	5064.2	North America	Oth. Chris.
1146	St. Vincent and the Grenadines	2006	53.9	0.1	5608.2	North America	Oth. Chris.
1147	St. Vincent and the Grenadines	2007	54.4	0.1	6273.1	North America	Oth. Chris.
1148	St. Vincent and the Grenadines	2008	54.8	0.1	6370.8	North America	Oth. Chris.
1149	St. Vincent and the Grenadines	2009	55.2	0.1	6177.8	North America	Oth. Chris.
1150	St. Vincent and the Grenadines	2010	55.5	0.1	6231.7	North America	Oth. Chris.
1151	St. Vincent and the Grenadines	2011	55.6	0	6185.3	North America	Oth. Chris.
1152	St. Vincent and the Grenadines	2012	55.7	0	6338.9	North America	Oth. Chris.
1153	Sudan	2005	30.2	2.6	669.4	Africa	Muslim
1154	Sudan	2006	30.3	2.5	878.5	Africa	Muslim
1155	Sudan	2007	30.5	2.5	1094	Africa	Muslim
1156	Sudan	2008	30.6	2.4	1263.4	Africa	Muslim
1157	Sudan	2009	30.8	2.4	1197.8	Africa	Muslim
1158	Sudan	2010	30.9	2.3	1439.5	Africa	Muslim
1159	Sudan	2011	31.1	2.2	1617.5	Africa	Muslim
1160	Sudan	2012	31.2	2.1	1697.9	Africa	Muslim
1161	Suriname	2005	37.8	1.2	3590.5	South America	Oth. Chris.
1162	Suriname	2006	38.2	1.1	5198.3	South America	Oth. Chris.
1163	Suriname	2007	38.7	1	5753.2	South America	Oth. Chris.
1164	Suriname	2008	39.2	1	6855.2	South America	Oth. Chris.
1165	Suriname	2009	39.7	0.9	7450.2	South America	Oth. Chris.
1166	Suriname	2010	40.1	0.9	8321.4	South America	Oth. Chris.
1167	Suriname	2011	40.3	0.9	8349.4	South America	Oth. Chris.
1168	Suriname	2012	40.4	0.9	9378.2	South America	Oth. Chris.
1169	Swaziland	2005	42.9	0.9	2339.3	Africa	Oth. Chris.
1170	Swaziland	2006	43	1.2	2636.2	Africa	Oth. Chris.
1171	Swaziland	2007	43.1	1.5	2690.6	Africa	Oth. Chris.
1172	Swaziland	2008	43.2	1.7	2616.9	Africa	Oth. Chris.
1173	Swaziland	2009	43.3	1.7	2679.3	Africa	Oth. Chris.
1174	Swaziland	2010	43.5	1.6	3261.6	Africa	Oth. Chris.
1175	Swaziland	2011	43.6	1.6	3420.2	Africa	Oth. Chris.
1176	Swaziland	2012	43.8	1.5	3289.7	Africa	Oth. Chris.
1177	Sweden	2005	59.3	0.4	43085.4	Europe	Oth. Chris.
1178	Sweden	2006	59.6	0.6	46256.2	Europe	Oth. Chris.
1179	Sweden	2007	59.9	0.7	53324.6	Europe	Oth. Chris.
1180	Sweden	2008	59.9	0.8	55746.8	Europe	Oth. Chris.
1181	Sweden	2009	59.5	0.9	46206.9	Europe	Oth. Chris.
1182	Sweden	2010	59	0.9	52076.3	Europe	Oth. Chris.
1183	Sweden	2011	59.7	0.8	59593.3	Europe	Oth. Chris.
1184	Sweden	2012	60.2	0.7	57134.1	Europe	Oth. Chris.
1185	Switzerland	2005	59.5	0.6	54798.6	Europe	Oth. Chris.
1186	Switzerland	2006	59.9	0.6	57346.9	Europe	Oth. Chris.
1187	Switzerland	2007	60.1	0.9	63225.3	Europe	Oth. Chris.
1188	Switzerland	2008	61.4	1.3	72120.2	Europe	Oth. Chris.
1189	Switzerland	2009	61.6	1.2	69669.3	Europe	Oth. Chris.
1190	Switzerland	2010	60.8	1	74276.7	Europe	Oth. Chris.
1191	Switzerland	2011	60.9	1.1	87998.4	Europe	Oth. Chris.
1192	Switzerland	2012	61.2	1.1	83295.3	Europe	Oth. Chris.
1193	Tajikistan	2005	57.7	2.1	339.8	Asia	Muslim
1194	Tajikistan	2006	57.8	2.2	407	Asia	Muslim
1195	Tajikistan	2007	57.9	2.2	523.1	Asia	Muslim
1196	Tajikistan	2008	58.1	2.3	709.4	Asia	Muslim
1197	Tajikistan	2009	58.2	2.3	668.6	Asia	Muslim
1198	Tajikistan	2010	58.3	2.4	739.7	Asia	Muslim
1199	Tajikistan	2011	58.5	2.4	834.7	Asia	Muslim
1200	Tajikistan	2012	58.7	2.5	953.1	Asia	Muslim
1201	Tanzania	2005	88.5	2.8	375	Africa	Ethnic
1202	Tanzania	2006	88.8	2.8	369.4	Africa	Ethnic
1203	Tanzania	2007	88.7	2.9	421.3	Africa	Ethnic
1204	Tanzania	2008	88.5	3	503.6	Africa	Ethnic
1205	Tanzania	2009	88.4	3	504.2	Africa	Ethnic
1206	Tanzania	2010	88.3	3	524.7	Africa	Ethnic
1207	Tanzania	2011	88.2	3	530.4	Africa	Ethnic
1208	Tanzania	2012	88.1	3	608.8	Africa	Ethnic
1209	Thailand	2005	66.1	0.7	2690	Asia	Buddhist
1210	Thailand	2006	64.9	0.5	3143.2	Asia	Buddhist
1211	Thailand	2007	65.9	0.3	3737.7	Asia	Buddhist
1212	Thailand	2008	65.8	0.2	4118.4	Asia	Buddhist
1213	Thailand	2009	64.7	0.1	3978.9	Asia	Buddhist
1214	Thailand	2010	64.4	0.2	4802.7	Asia	Buddhist
1215	Thailand	2011	64.4	0.3	5192.1	Asia	Buddhist
1216	Thailand	2012	64.4	0.3	5479.8	Asia	Buddhist
1217	Timor-Leste	2005	32	1.6	499.5	Asia	Catholic
1218	Timor-Leste	2006	30.4	1.6	463.4	Asia	Catholic
1219	Timor-Leste	2007	29	1.6	550.5	Asia	Catholic
1220	Timor-Leste	2008	27.5	1.6	672.4	Asia	Catholic
1221	Timor-Leste	2009	26.2	1.6	779.7	Asia	Catholic
1222	Timor-Leste	2010	25	1.6	875.8	Asia	Catholic
1223	Timor-Leste	2011	24.8	4.9	1002.3	Asia	Catholic
1224	Timor-Leste	2012	24.7	2.5	1105.3	Asia	Catholic
1225	Togo	2005	79.8	2.6	381.8	Africa	Others
1226	Togo	2006	80.5	2.6	387.4	Africa	Others
1227	Togo	2007	80.5	2.6	432.5	Africa	Others
1228	Togo	2008	80.6	2.6	528.3	Africa	Others
1229	Togo	2009	80.6	2.6	514.8	Africa	Others
1230	Togo	2010	80.7	2.6	503.2	Africa	Others
1231	Togo	2011	80.7	2.6	580.3	Africa	Others
1232	Togo	2012	80.7	2.6	589.5	Africa	Others
1233	Tonga	2005	53.3	0.6	2622.9	Oceania	Oth. Chris.
1234	Tonga	2006	53.5	0.6	2912.9	Oceania	Oth. Chris.
1235	Tonga	2007	53.6	0.7	2943.3	Oceania	Oth. Chris.
1236	Tonga	2008	53.6	0.6	3369.2	Oceania	Oth. Chris.
1237	Tonga	2009	53.6	0.6	3075.8	Oceania	Oth. Chris.
1238	Tonga	2010	53.6	0.5	3546.8	Oceania	Oth. Chris.
1239	Tonga	2011	53.6	0.4	4046.1	Oceania	Oth. Chris.
1240	Tonga	2012	53.5	0.4	4493.7	Oceania	Oth. Chris.
1241	Trinidad and Tobago	2005	53.5	0.5	12405.1	South America	Oth. Chris.
1242	Trinidad and Tobago	2006	53.6	0.5	14162.8	South America	Oth. Chris.
1243	Trinidad and Tobago	2007	52.4	0.5	16663.9	South America	Oth. Chris.
1244	Trinidad and Tobago	2008	53	0.5	21395.3	South America	Oth. Chris.
1245	Trinidad and Tobago	2009	51.7	0.5	14617.8	South America	Oth. Chris.
1246	Trinidad and Tobago	2010	52.5	0.4	15630.1	South America	Oth. Chris.
1247	Trinidad and Tobago	2011	52.7	0.4	17760.6	South America	Oth. Chris.
1248	Trinidad and Tobago	2012	52.9	0.3	17523.3	South America	Oth. Chris.
1249	Tunisia	2005	24.3	1	3219	Africa	Muslim
1250	Tunisia	2006	24.4	1	3394.4	Africa	Muslim
1251	Tunisia	2007	24.5	1	3806.3	Africa	Muslim
1252	Tunisia	2008	24.7	1	4342.8	Africa	Muslim
1253	Tunisia	2009	24.8	1.1	4162.5	Africa	Muslim
1254	Tunisia	2010	24.9	1	4211.4	Africa	Muslim
1255	Tunisia	2011	25	1.2	4305	Africa	Muslim
1256	Tunisia	2012	25.1	1	4197.5	Africa	Muslim
1257	Turkey	2005	23.4	1.3	7129.6	Asia	Muslim
1258	Turkey	2006	23.6	1.3	7736.1	Asia	Muslim
1259	Turkey	2007	23.6	1.3	9312.1	Asia	Muslim
1260	Turkey	2008	24.5	1.2	10379.5	Asia	Muslim
1261	Turkey	2009	26.1	1.2	8626.4	Asia	Muslim
1262	Turkey	2010	27.6	1.3	10135.7	Asia	Muslim
1263	Turkey	2011	28.8	1.3	10604.6	Asia	Muslim
1264	Turkey	2012	29.4	1.3	10660.7	Asia	Muslim
1265	Turkmenistan	2005	47	1.1	1707	Asia	Muslim
1266	Turkmenistan	2006	46.8	1.1	2140.5	Asia	Muslim
1267	Turkmenistan	2007	46.6	1.2	2606.7	Asia	Muslim
1268	Turkmenistan	2008	46.5	1.2	3918.9	Asia	Muslim
1269	Turkmenistan	2009	46.4	1.2	4060	Asia	Muslim
1270	Turkmenistan	2010	46.4	1.3	4392.7	Asia	Muslim
1271	Turkmenistan	2011	46.5	1.3	5724.5	Asia	Muslim
1272	Turkmenistan	2012	46.7	1.3	6797.7	Asia	Muslim
1273	Uganda	2005	77.2	3.4	313.8	Africa	Ethnic
1274	Uganda	2006	76.9	3.4	334.6	Africa	Ethnic
1275	Uganda	2007	76.7	3.4	400	Africa	Ethnic
1276	Uganda	2008	76.5	3.4	448.1	Africa	Ethnic
1277	Uganda	2009	76.3	3.4	451.1	Africa	Ethnic
1278	Uganda	2010	76.1	3.4	471.7	Africa	Ethnic
1279	Uganda	2011	76	3.4	440.8	Africa	Ethnic
1280	Uganda	2012	75.9	3.4	551.4	Africa	Ethnic
1281	Ukraine	2005	52	-0.7	1828.7	Europe	Oth. Chris.
1282	Ukraine	2006	52.1	-0.7	2303	Europe	Oth. Chris.
1283	Ukraine	2007	52.2	-0.6	3068.6	Europe	Oth. Chris.
1284	Ukraine	2008	52.2	-0.5	3891	Europe	Oth. Chris.
1285	Ukraine	2009	52.4	-0.4	2545.5	Europe	Oth. Chris.
1286	Ukraine	2010	52.4	-0.4	2974	Europe	Oth. Chris.
1287	Ukraine	2011	52.7	-0.4	3575.5	Europe	Oth. Chris.
1288	Ukraine	2012	53	-0.2	3873.5	Europe	Oth. Chris.
1289	United Arab Emirates	2005	37	12.6	43533.9	Asia	Muslim
1290	United Arab Emirates	2006	39.2	16.1	45554.2	Asia	Muslim
1291	United Arab Emirates	2007	41.4	17.3	44488.6	Asia	Muslim
1292	United Arab Emirates	2008	43.6	15.9	46402.6	Asia	Muslim
1293	United Arab Emirates	2009	44.9	12.7	32850.1	Asia	Muslim
1294	United Arab Emirates	2010	46.2	9	33885.9	Asia	Muslim
1295	United Arab Emirates	2011	46.4	5.6	38930	Asia	Muslim
1296	United Arab Emirates	2012	46.6	3.1	40444.1	Asia	Muslim
1297	United Kingdom	2005	55	0.7	39934.9	Europe	Oth. Chris.
1298	United Kingdom	2006	55.5	0.7	42447.8	Europe	Oth. Chris.
1299	United Kingdom	2007	55.1	0.8	48322.7	Europe	Oth. Chris.
1300	United Kingdom	2008	55.5	0.8	45170.5	Europe	Oth. Chris.
1301	United Kingdom	2009	55.5	0.8	37075.5	Europe	Oth. Chris.
1302	United Kingdom	2010	55.5	0.8	38363.4	Europe	Oth. Chris.
1303	United Kingdom	2011	55.5	0.8	40972	Europe	Oth. Chris.
1304	United Kingdom	2012	55.7	0.7	41053.7	Europe	Oth. Chris.
1305	United States	2005	58.3	0.9	44307.8	North America	Oth. Chris.
1306	United States	2006	58.4	1	46437.1	North America	Oth. Chris.
1307	United States	2007	58.3	1	48061.4	North America	Oth. Chris.
1308	United States	2008	58.5	0.9	48401.5	North America	Oth. Chris.
1309	United States	2009	58.2	0.9	47001.4	North America	Oth. Chris.
1310	United States	2010	57.6	0.8	48377.4	North America	Oth. Chris.
1311	United States	2011	57	0.7	49803.5	North America	Oth. Chris.
1312	United States	2012	56.8	0.7	51495.9	North America	Oth. Chris.
1313	Uruguay	2005	52.7	0	5221.7	South America	Catholic
1314	Uruguay	2006	52.6	0.2	5879.3	South America	Catholic
1315	Uruguay	2007	53.9	0.2	7012.5	South America	Catholic
1316	Uruguay	2008	54.5	0.3	9067.5	South America	Catholic
1317	Uruguay	2009	55.1	0.3	9064.7	South America	Catholic
1318	Uruguay	2010	55.2	0.3	11530.6	South America	Catholic
1319	Uruguay	2011	55.3	0.3	13961	South America	Catholic
1320	Uruguay	2012	55.5	0.3	14727.7	South America	Catholic
1321	Uzbekistan	2005	47.5	1.2	546.8	Asia	Muslim
1322	Uzbekistan	2006	47.5	1.2	643	Asia	Muslim
1323	Uzbekistan	2007	47.5	1.4	830.4	Asia	Muslim
1324	Uzbekistan	2008	47.5	1.6	1023.1	Asia	Muslim
1325	Uzbekistan	2009	47.5	1.7	1181.8	Asia	Muslim
1326	Uzbekistan	2010	47.6	2.8	1377.1	Asia	Muslim
1327	Uzbekistan	2011	47.7	2.7	1544.8	Asia	Muslim
1328	Uzbekistan	2012	47.9	1.5	1719	Asia	Muslim
1329	Vanuatu	2005	65.3	2.5	1886.4	Oceania	Oth. Chris.
1330	Vanuatu	2006	64.3	2.5	2036.2	Oceania	Oth. Chris.
1331	Vanuatu	2007	63.4	2.5	2392.8	Oceania	Oth. Chris.
1332	Vanuatu	2008	62.4	2.4	2697.4	Oceania	Oth. Chris.
1333	Vanuatu	2009	61.4	2.4	2642.9	Oceania	Oth. Chris.
1334	Vanuatu	2010	61.5	2.3	2965.8	Oceania	Oth. Chris.
1335	Vanuatu	2011	61.5	2.3	3276.4	Oceania	Oth. Chris.
1336	Vanuatu	2012	61.5	2.2	3161.4	Oceania	Oth. Chris.
1337	Venezuela, RB	2005	51.6	1.8	5444.7	South America	Catholic
1338	Venezuela, RB	2006	50.6	1.7	6747.8	South America	Catholic
1339	Venezuela, RB	2007	50.1	1.7	8329.6	South America	Catholic
1340	Venezuela, RB	2008	50.6	1.7	11223.2	South America	Catholic
1341	Venezuela, RB	2009	51	1.6	11525	South America	Catholic
1342	Venezuela, RB	2010	50.5	1.6	13559.1	South America	Catholic
1343	Venezuela, RB	2011	50.7	1.6	10728	South America	Catholic
1344	Venezuela, RB	2012	50.9	1.5	12728.7	South America	Catholic
1345	Vietnam	2005	72.6	1.2	699.5	Asia	Marxist
1346	Vietnam	2006	72.4	1.1	796.7	Asia	Marxist
1347	Vietnam	2007	72.3	1.1	919.2	Asia	Marxist
1348	Vietnam	2008	72.2	1.1	1164.6	Asia	Marxist
1349	Vietnam	2009	72.2	1.1	1232.4	Asia	Marxist
1350	Vietnam	2010	72.3	1	1333.6	Asia	Marxist
1351	Vietnam	2011	72.5	1	1543	Asia	Marxist
1352	Vietnam	2012	72.8	1.1	1755.3	Asia	Marxist
1353	West Bank and Gaza	2005	14.2	2.6	1455.9	Asia	Muslim
1354	West Bank and Gaza	2006	14.6	2.6	1442.8	Asia	Muslim
1355	West Bank and Gaza	2007	15.2	2.6	1576.3	Asia	Muslim
1356	West Bank and Gaza	2008	15.9	2.9	1855.5	Asia	Muslim
1357	West Bank and Gaza	2009	15.6	2.9	1963.2	Asia	Muslim
1358	West Bank and Gaza	2010	14.7	2.9	2338.7	Asia	Muslim
1359	West Bank and Gaza	2011	14.9	3	2665	Asia	Muslim
1360	West Bank and Gaza	2012	15.2	3	2782.9	Asia	Muslim
1361	Yemen, Rep.	2005	23.5	2.7	831.9	Asia	Muslim
1362	Yemen, Rep.	2006	23.8	2.6	923.5	Asia	Muslim
1363	Yemen, Rep.	2007	24	2.5	1210.2	Asia	Muslim
1364	Yemen, Rep.	2008	24.3	2.4	1400.6	Asia	Muslim
1365	Yemen, Rep.	2009	24.5	2.4	1252.3	Asia	Muslim
1366	Yemen, Rep.	2010	24.8	2.4	1394.5	Asia	Muslim
1367	Yemen, Rep.	2011	25	2.3	1253.3	Asia	Muslim
1368	Yemen, Rep.	2012	25.2	2.3	1341.3	Asia	Muslim
1369	Zambia	2005	73.6	2.6	726.4	Africa	Ethnic
1370	Zambia	2006	73.5	2.7	1082.8	Africa	Ethnic
1371	Zambia	2007	73.5	2.7	1160.8	Africa	Ethnic
1372	Zambia	2008	73.4	2.8	1437.9	Africa	Ethnic
1373	Zambia	2009	73.3	2.9	1195.2	Africa	Ethnic
1374	Zambia	2010	73.3	3	1533.3	Africa	Ethnic
1375	Zambia	2011	73.2	3.1	1740.7	Africa	Ethnic
1376	Zambia	2012	73.2	3.2	1771.9	Africa	Ethnic
1377	Zimbabwe	2005	83.1	0.1	452.8	Africa	Ethnic
1378	Zimbabwe	2006	83.1	0.1	427.8	Africa	Ethnic
1379	Zimbabwe	2007	83	0.1	415.4	Africa	Ethnic
1380	Zimbabwe	2008	83	0.3	345.4	Africa	Ethnic
1381	Zimbabwe	2009	83	0.8	632.9	Africa	Ethnic
1382	Zimbabwe	2010	83	1.4	723.2	Africa	Ethnic
1383	Zimbabwe	2011	83.1	2.1	820.2	Africa	Ethnic
1384	Zimbabwe	2012	83.2	2.7	908.8	Africa	Ethnic
