"","Country","Region","Religion"
"1","Afghanistan","Asia","Muslim"
"2","Albania","Europe","Marxist"
"3","Algeria","Africa","Muslim"
"4","American-Samoa","Oceania","Oth. Chris."
"5","Andorra","Europe","Catholic"
"6","Angola","Africa","Ethnic"
"7","Anguilla","North America","Oth. Chris."
"8","Antigua-Barbuda","North America","Oth. Chris."
"9","Argentina","South America","Catholic"
"10","Argentine","South America","Catholic"
"11","Australia","Oceania","Oth. Chris."
"12","Austria","Europe","Catholic"
"13","Bahamas, The","North America","Oth. Chris."
"14","Bahrain","Asia","Muslim"
"15","Bangladesh","Asia","Muslim"
"16","Barbados","North America","Oth. Chris."
"17","Belgium","Europe","Catholic"
"18","Belize","North America","Oth. Chris."
"19","Benin","Africa","Ethnic"
"20","Bermuda","North America","Oth. Chris."
"21","Bhutan","Asia","Buddhist"
"22","Bolivia","South America","Catholic"
"23","Botswana","Africa","Ethnic"
"24","Brazil","South America","Catholic"
"25","British-Virgin-Isles","North America","Oth. Chris."
"26","Brunei Darussalam","Asia","Muslim"
"27","Bulgaria","Europe","Marxist"
"28","Burkina Faso","Africa","Ethnic"
"29","Burma","Asia","Buddhist"
"30","Burundi","Africa","Ethnic"
"31","Cameroon","Africa","Oth. Chris."
"32","Canada","North America","Oth. Chris."
"33","Cabo Verde","Africa","Catholic"
"34","Cayman-Islands","North America","Oth. Chris."
"35","Central African Republic","Africa","Ethnic"
"36","Chad","Africa","Ethnic"
"37","Chile","South America","Catholic"
"38","China","Asia","Marxist"
"39","Colombia","South America","Catholic"
"40","Comoros","Africa","Muslim"
"41","Congo, Dem. Rep.","Africa","Oth. Chris."
"42","Cook-Islands","Oceania","Oth. Chris."
"43","Costa Rica","North America","Catholic"
"44","Cuba","North America","Marxist"
"45","Cyprus","Europe","Oth. Chris."
"46","Czech Republic","Europe","Marxist"
"47","Denmark","Europe","Oth. Chris."
"48","Djibouti","Africa","Muslim"
"49","Dominica","North America","Oth. Chris."
"50","Dominican Republic","North America","Catholic"
"51","Ecuador","South America","Catholic"
"52","Egypt, Arab Rep.","Africa","Muslim"
"53","El Salvador","North America","Catholic"
"54","Equatorial Guinea","Africa","Ethnic"
"55","Ethiopia","Africa","Oth. Chris."
"56","Faeroes","Europe","Oth. Chris."
"57","Falklands-Malvinas","South America","Oth. Chris."
"58","Fiji","Oceania","Oth. Chris."
"59","Finland","Europe","Oth. Chris."
"60","France","Europe","Catholic"
"61","French-Guiana","South America","Catholic"
"62","French-Polynesia","Oceania","Catholic"
"63","Gabon","Africa","Ethnic"
"64","Gambia, The","Africa","Ethnic"
"66","Germany","Europe","Oth. Chris."
"67","Ghana","Africa","Ethnic"
"68","Gibraltar","Europe","Oth. Chris."
"69","Greece","Europe","Oth. Chris."
"70","Greenland","North America","Oth. Chris."
"71","Grenada","North America","Oth. Chris."
"72","Guam","Oceania","Oth. Chris."
"73","Guatemala","North America","Catholic"
"74","Guinea","Africa","Muslim"
"75","Guinea-Bissau","Africa","Ethnic"
"76","Guyana","South America","Hindu"
"77","Haiti","North America","Catholic"
"78","Honduras","North America","Catholic"
"79","Hong Kong SAR, China","Asia","Buddhist"
"80","Hungary","Europe","Marxist"
"81","Iceland","Europe","Oth. Chris."
"82","India","Asia","Hindu"
"83","Indonesia","Oceania","Muslim"
"84","Iran, Islamic Rep.","Asia","Muslim"
"85","Iraq","Asia","Muslim"
"86","Ireland","Europe","Catholic"
"87","Israel","Asia","Others"
"88","Italy","Europe","Catholic"
"89","Ivory-Coast","Africa","Ethnic"
"90","Jamaica","North America","Oth. Chris."
"91","Japan","Asia","Others"
"92","Jordan","Asia","Muslim"
"93","Kampuchea","Asia","Buddhist"
"94","Kenya","Africa","Ethnic"
"95","Kiribati","Oceania","Oth. Chris."
"96","Kuwait","Asia","Muslim"
"97","Lao PDR","Asia","Marxist"
"98","Lebanon","Asia","Muslim"
"99","Lesotho","Africa","Ethnic"
"100","Liberia","Africa","Ethnic"
"101","Libya","Africa","Muslim"
"102","Liechtenstein","Europe","Catholic"
"103","Luxembourg","Europe","Catholic"
"104","Malagasy","Africa","Oth. Chris."
"105","Malawi","Africa","Ethnic"
"106","Malaysia","Asia","Muslim"
"107","Maldives","Asia","Muslim"
"108","Mali","Africa","Muslim"
"109","Malta","Europe","Catholic"
"110","Marianas","Oceania","Oth. Chris."
"111","Mauritania","Africa","Muslim"
"112","Mauritius","Africa","Hindu"
"113","Mexico","North America","Catholic"
"114","Micronesia","Oceania","Oth. Chris."
"115","Monaco","Europe","Catholic"
"116","Mongolia","Asia","Marxist"
"117","Montserrat","North America","Oth. Chris."
"118","Morocco","Africa","Muslim"
"119","Mozambique","Africa","Ethnic"
"120","Nauru","Oceania","Oth. Chris."
"121","Nepal","Asia","Hindu"
"122","Netherlands","Europe","Oth. Chris."
"123","Netherlands-Antilles","North America","Oth. Chris."
"124","New Zealand","Oceania","Oth. Chris."
"125","Nicaragua","North America","Catholic"
"126","Niger","Africa","Muslim"
"127","Nigeria","Africa","Muslim"
"128","Niue","Oceania","Oth. Chris."
"129","North-Korea","Asia","Marxist"
"130","North-Yemen","Asia","Muslim"
"131","Norway","Europe","Oth. Chris."
"132","Oman","Asia","Muslim"
"133","Pakistan","Asia","Muslim"
"134","Panama","South America","Catholic"
"135","Papua New Guinea","Oceania","Ethnic"
"136","Paraguay","South America","Catholic"
"137","Peru","South America","Catholic"
"138","Philippines","Oceania","Catholic"
"139","Poland","Europe","Marxist"
"140","Portugal","Europe","Catholic"
"141","Puerto Rico","North America","Catholic"
"142","Qatar","Asia","Muslim"
"143","Romania","Europe","Marxist"
"144","Rwanda","Africa","Ethnic"
"145","San-Marino","Europe","Catholic"
"146","Sao Tome and Principe","Africa","Catholic"
"147","Saudi Arabia","Asia","Muslim"
"148","Senegal","Africa","Muslim"
"149","Seychelles","Africa","Oth. Chris."
"150","Sierra Leone","Africa","Ethnic"
"151","Singapore","Asia","Buddhist"
"152","Solomon Islands","Oceania","Oth. Chris."
"153","Somalia","Africa","Muslim"
"154","South Africa","Africa","Oth. Chris."
"155","South-Korea","Asia","Others"
"156","Yemen, Rep.","Asia","Muslim"
"157","Spain","Europe","Catholic"
"158","Sri-Lanka","Asia","Buddhist"
"159","St-Helena","Africa","Oth. Chris."
"160","St-Kitts-Nevis","North America","Oth. Chris."
"161","St. Lucia","North America","Oth. Chris."
"162","St. Vincent and the Grenadines","North America","Oth. Chris."
"163","Sudan","Africa","Muslim"
"164","Suriname","South America","Oth. Chris."
"165","Swaziland","Africa","Oth. Chris."
"166","Sweden","Europe","Oth. Chris."
"167","Switzerland","Europe","Oth. Chris."
"168","Syria","Asia","Muslim"
"169","Taiwan","Asia","Buddhist"
"170","Tanzania","Africa","Ethnic"
"171","Thailand","Asia","Buddhist"
"172","Togo","Africa","Others"
"173","Tonga","Oceania","Oth. Chris."
"174","Trinidad and Tobago","South America","Oth. Chris."
"175","Tunisia","Africa","Muslim"
"176","Turkey","Asia","Muslim"
"177","Turks-Cocos-Islands","North America","Oth. Chris."
"178","Tuvalu","Oceania","Oth. Chris."
"179","United Arab Emirates","Asia","Muslim"
"180","Uganda","Africa","Ethnic"
"181","United Kingdom","Europe","Oth. Chris."
"182","Uruguay","South America","Catholic"
"183","US-Virgin-Isles","North America","Oth. Chris."
"184","United States","North America","Oth. Chris."
"185","USSR","Asia","Marxist"
"186","Vanuatu","Oceania","Oth. Chris."
"187","Vatican-City","Europe","Catholic"
"188","Venezuela, RB","South America","Catholic"
"189","Vietnam","Asia","Marxist"
"190","Western-Samoa","Oceania","Oth. Chris."
"191","Yugoslavia","Europe","Marxist"
"192","Zaire","Africa","Ethnic"
"193","Zambia","Africa","Ethnic"
"194","Zimbabwe","Africa","Ethnic"
"195","Armenia","Eurasia","Oth. Chris."
"196","Azerbaijan","Eurasia","Muslim"
"197","Belarus","Europe","Oth. Chris."
"198","Bosnia and Herzegovina","Europe","Catholic"
"199","Cambodia","Asia","Buddhist"
"200","Congo, Rep.","Africa","Ethnic"
"201","Cote d'Ivoire","Africa","Muslim"
"202","Eritrea","Africa","Oth. Chris."
"203","Estonia","Europe","Oth. Chris."
"204","Georgia","Europe","Oth. Chris."
"205","Kazakhstan","Asia","Muslim"
"206","Korea, Rep.","Asia","Buddhist"
"207","Kyrgyz Republic","Asia","Muslim"
"208","Latvia","Europe","Oth. Chris."
"209","Lithuania","Europe","Catholic"
"210","Macao SAR, China","Asia","Ethnic"
"211","Macedonia, FYR","Europe","Oth. Chris."
"212","Madagascar","Africa","Oth. Chris."
"213","Moldova","Europe","Oth. Chris."
"214","Montenegro","Europe","Oth. Chris."
"215","Namibia","Africa","Oth. Chris."
"216","Russian Federation","Europe","Oth. Chris."
"217","Serbia","Europe","Oth. Chris."
"218","Serbia","Europe","Oth. Chris."
"219","Slovak Republic","Europe","Catholic"
"220","Slovenia","Europe","Catholic"
"221","Tajikistan","Asia","Muslim"
"222","Timor-Leste","Asia","Catholic"
"223","Turkmenistan","Asia","Muslim"
"224","Ukraine","Europe","Oth. Chris."
"225","Uzbekistan","Asia","Muslim"
"226","West Bank and Gaza","Asia","Muslim"


