	Country	Year	GDP per capita, $	Life expectancy	Pop. largest city, %	Urban pop. growth, %	Urban population, %	Region	Religion
1	Algeria	2010	4349.6	70.6166097560976	9.7	2.9	67.5	Africa	Muslim
2	Algeria	1965	245.6	48.3760975609756	22.5	6.7	37.6	Africa	Muslim
3	Algeria	1970	331.1	50.3436341463415	22.1	3.2	39.5	Africa	Muslim
4	Algeria	1975	924.2	52.836243902439	22.2	3.2	40.3	Africa	Muslim
5	Algeria	1960	241.5	46.1351219512195	25.3	5.6	30.5	Africa	Muslim
6	Algeria	1985	2535.9	64.0762682926829	15.3	5	48	Africa	Muslim
7	Algeria	1990	2364.5	66.7511707317073	13.1	4.1	52.1	Africa	Muslim
8	Algeria	1995	1424.6	67.8481951219512	12	3.3	56	Africa	Muslim
9	Algeria	1980	2174.3	58.1640243902439	19.1	5.1	43.5	Africa	Muslim
10	Algeria	2005	3038.7	69.8386097560976	10.5	2.7	63.8	Africa	Muslim
11	Algeria	2000	1727.3	68.9301951219512	11.3	2.8	59.9	Africa	Muslim
12	Australia	1970	3298.3	71.0185365853659	27.1	2.4	85.3	Oceania	Oth. Chris.
13	Australia	1975	6989	72.6253658536586	26.1	1.3	85.9	Oceania	Oth. Chris.
14	Australia	1965	2277	70.850243902439	25.1	2.4	83.5	Oceania	Oth. Chris.
15	Australia	1960	1807.5	70.8170731707317	25.5	2.8	81.5	Oceania	Oth. Chris.
16	Australia	1990	18221.1	76.9946341463415	24.9	1.5	85.4	Oceania	Oth. Chris.
17	Australia	1995	20364.2	77.8292682926829	24.5	1.4	86.1	Oceania	Oth. Chris.
18	Australia	1980	10187.8	74.3336585365854	25.8	1.1	85.8	Oceania	Oth. Chris.
19	Australia	1985	11436.4	75.6292682926829	25.5	1.3	85.5	Oceania	Oth. Chris.
20	Australia	2010	51800.9	81.6951219512195	22.3	1.7	88.7	Oceania	Oth. Chris.
21	Australia	2000	21667	79.2341463414634	24.3	1.4	87.2	Oceania	Oth. Chris.
22	Australia	2005	33995.9	80.8414634146341	23.5	1.5	88	Oceania	Oth. Chris.
23	Austria	1985	9150	73.7451219512195	30.9	0.1	65.6	Europe	Catholic
24	Austria	1980	10843.4	72.4236585365854	31.2	0	65.4	Europe	Catholic
25	Austria	1960	935.5	68.5856097560976	35.7	0.7	64.7	Europe	Catholic
26	Austria	1965	1374.5	69.7221951219512	34.4	0.7	65	Europe	Catholic
27	Austria	1970	2053.8	69.8907317073171	33.3	0.4	65.3	Europe	Catholic
28	Austria	1975	5272.9	71.0841463414634	32	-0.3	65.3	Europe	Catholic
29	Austria	2000	24517.3	78.0268292682927	29.4	0.2	65.8	Europe	Catholic
30	Austria	2005	38241.1	79.3317073170732	30.3	0.7	65.8	Europe	Catholic
31	Austria	1990	21628.8	75.53	30.5	0.8	65.8	Europe	Catholic
32	Austria	1995	30252.8	76.7156097560976	29.5	0.2	65.8	Europe	Catholic
33	Austria	2010	46444.2	80.3829268292683	30.8	0.3	65.9	Europe	Catholic
34	Bangladesh	1990	280.6	60.0084878048781	31.1	4.9	19.8	Asia	Muslim
35	Bangladesh	1995	316.5	62.6938780487805	32	3.8	21.7	Asia	Muslim
36	Bangladesh	1960	86.3	47.0245609756098	20	4.7	5.1	Asia	Muslim
37	Bangladesh	1965	103.3	49.649756097561	23.1	7.1	6.2	Asia	Muslim
38	Bangladesh	1970	135.6	47.584512195122	27.3	6.4	7.6	Asia	Muslim
39	Bangladesh	1975	268.4	49.0616341463415	31.2	10.4	9.8	Asia	Muslim
40	Bangladesh	1980	219.6	54.8689268292683	26.7	10.8	14.9	Asia	Muslim
41	Bangladesh	1985	229.2	57.3630487804878	28.3	5.2	17.5	Asia	Muslim
42	Bangladesh	2005	421.1	67.4895609756098	32.1	4	26.8	Asia	Muslim
43	Bangladesh	2010	762.8	69.4858048780488	32	3.6	30.5	Asia	Muslim
44	Bangladesh	2000	356	65.3197317073171	32.9	3.5	23.6	Asia	Muslim
45	Belgium	2010	44358.3	80.2341463414634	18.4	1.2	97.6	Europe	Catholic
46	Belgium	2000	23151.9	77.7219512195122	18	0.3	97.1	Europe	Catholic
47	Belgium	2005	36927.1	78.9804878048781	18.4	0.6	97.4	Europe	Catholic
48	Belgium	1960	1273.7	69.7019512195122	17.5	0.8	92.5	Europe	Catholic
49	Belgium	1965	1835.6	70.6253658536586	17.3	1.1	93.1	Europe	Catholic
50	Belgium	1970	2776.4	70.9719512195122	17.3	0.2	93.8	Europe	Catholic
51	Belgium	1975	6726.9	71.9712195121951	17.4	0.4	94.5	Europe	Catholic
52	Belgium	1980	12913	73.2070731707317	17.6	0.3	95.4	Europe	Catholic
53	Belgium	1985	8784.1	74.520243902439	17.7	0.1	95.9	Europe	Catholic
54	Belgium	1990	20678.8	76.0519512195122	17.6	0.4	96.4	Europe	Catholic
55	Belgium	1995	28522	76.8407317073171	17.5	0.3	96.8	Europe	Catholic
56	Benin	1970	114.7	42.35	33.7	7.8	16.7	Africa	Ethnic
57	Benin	1975	207.4	45.0869024390244	33.6	7.7	21.9	Africa	Ethnic
58	Benin	1960	93	37.2782682926829	32.4	7.4	9.3	Africa	Ethnic
59	Benin	1965	110.1	39.6327317073171	33.7	7.7	12.5	Africa	Ethnic
60	Benin	1990	391.9	53.42	29.2	5.6	34.5	Africa	Ethnic
61	Benin	1995	362.5	54.8159512195122	26.2	4.2	36.8	Africa	Ethnic
62	Benin	1980	378	47.2345853658537	33.2	5.2	27.3	Africa	Ethnic
63	Benin	1985	243.9	49.9346829268293	31.2	5.3	30.8	Africa	Ethnic
64	Benin	2010	690	58.7466829268293	17	3.8	41.9	Africa	Ethnic
65	Benin	2000	339.5	55.188243902439	24.1	3.9	38.3	Africa	Ethnic
66	Benin	2005	532.6	57.0669756097561	20.5	4.1	40	Africa	Ethnic
67	Bolivia	1965	242.3	44.2364146341464	35.7	3.1	38.3	South America	Catholic
68	Bolivia	1960	167.9	42.6681219512195	35.5	3	36.8	South America	Catholic
69	Bolivia	1980	845.1	51.9684390243903	33.2	4.6	45.5	South America	Catholic
70	Bolivia	1985	890.2	55.6921219512195	30.4	4.4	50.5	South America	Catholic
71	Bolivia	1970	241.2	45.7662682926829	35.8	3.2	39.8	South America	Catholic
72	Bolivia	1975	504.3	48.2329756097561	35.7	3.2	41.3	South America	Catholic
73	Bolivia	2000	988.5	62.9546097560976	26.5	2.8	61.8	South America	Catholic
74	Bolivia	2005	1020.8	64.7007804878049	25.4	2.5	64.2	South America	Catholic
75	Bolivia	1990	716.4	58.7785853658537	28.1	4.2	55.6	South America	Catholic
76	Bolivia	1995	879.5	61.0908780487805	27.9	3.3	59.4	South America	Catholic
77	Bolivia	2010	1934.7	66.3197073170732	25	2.3	66.4	South America	Catholic
78	Brazil	1970	440.6	58.8569756097561	14.2	4.2	55.9	South America	Catholic
79	Brazil	1975	1143.1	60.8397804878049	14.6	4	60.8	South America	Catholic
80	Brazil	1960	208.4	54.6921463414634	13.4	5.2	46.1	South America	Catholic
81	Brazil	1965	258.2	56.9238780487805	12.8	4.8	51	South America	Catholic
82	Brazil	1985	1636.6	64.5325365853659	14.1	3.3	69.9	South America	Catholic
83	Brazil	1990	3086.9	66.515	13.4	2.8	73.9	South America	Catholic
84	Brazil	1995	4749.8	68.4827317073171	12.7	2.4	77.6	South America	Catholic
85	Brazil	1980	1930.5	62.7060487804878	15.2	3.8	65.5	South America	Catholic
86	Brazil	2005	4739.3	71.7185365853659	11.9	1.5	82.8	South America	Catholic
87	Brazil	2010	10978.3	73.0753170731707	11.9	1.2	84.3	South America	Catholic
88	Brazil	2000	3694.5	70.2573902439024	12	2.3	81.2	South America	Catholic
89	Burkina Faso	1990	352	49.3656097560976	44.2	4.5	13.8	Africa	Ethnic
90	Burkina Faso	1980	282.7	45.9975609756098	44.1	9.1	8.8	Africa	Ethnic
91	Burkina Faso	1985	200.9	49.2512195121951	44.4	9.2	12.3	Africa	Ethnic
92	Burkina Faso	1960	68.4	34.4779024390244	26	3.4	4.7	Africa	Ethnic
93	Burkina Faso	1965	81.7	36.837756097561	30.4	3.5	5.2	Africa	Ethnic
94	Burkina Faso	1970	81.5	39.0968780487805	35.7	3.7	5.7	Africa	Ethnic
95	Burkina Faso	1975	152.7	41.6063902439024	42.8	3.9	6.3	Africa	Ethnic
96	Burkina Faso	2005	407	52.6587073170732	45.9	6.6	21.5	Africa	Ethnic
97	Burkina Faso	2010	592.6	55.006756097561	48	6.2	25.7	Africa	Ethnic
98	Burkina Faso	1995	235.8	49.3443170731707	43.7	4.6	15.1	Africa	Ethnic
99	Burkina Faso	2000	224.9	50.482756097561	44.5	6.7	17.8	Africa	Ethnic
100	Burundi	1995	161.1	46.6072926829268	62.1	4.4	7.2	Africa	Ethnic
101	Burundi	2000	130.4	48.2080243902439	59.9	4.5	8.2	Africa	Ethnic
102	Burundi	1960	70.3	41.2360487804878	78.7	3.8	2.1	Africa	Ethnic
103	Burundi	1965	51.6	42.7901463414634	100	4.9	2.3	Africa	Ethnic
104	Burundi	1970	70.2	43.7819268292683	95.8	6.1	2.8	Africa	Ethnic
105	Burundi	1975	114.5	45.2214146341463	97.9	5.7	3.5	Africa	Ethnic
106	Burundi	1980	222.9	47.2916585365854	93.4	6.4	4.3	Africa	Ethnic
107	Burundi	1985	240.9	48.6137804878049	79.4	6.8	5.2	Africa	Ethnic
108	Burundi	1990	201.9	47.3291463414634	66.7	6.5	6.3	Africa	Ethnic
109	Burundi	2005	143.8	50.007	56.6	5.9	9.4	Africa	Ethnic
110	Burundi	2010	219.5	52.6240243902439	56.6	5.9	10.6	Africa	Ethnic
111	Cameroon	2005	914.5	51.8890487804878	21.3	3.8	48.5	Africa	Oth. Chris.
112	Cameroon	2010	1145.4	53.6948292682927	22.2	3.7	51.5	Africa	Oth. Chris.
113	Cameroon	1960	115.4	41.523756097561	20.4	5.9	13.9	Africa	Oth. Chris.
114	Cameroon	1965	136	43.7151707317073	20.3	6.1	16.9	Africa	Oth. Chris.
115	Cameroon	1970	171.3	46.0763902439024	21.7	6.2	20.3	Africa	Oth. Chris.
116	Cameroon	1975	355.6	48.7463902439024	20.5	8.5	27.3	Africa	Oth. Chris.
117	Cameroon	1980	754.7	51.2070243902439	20	5.6	31.9	Africa	Oth. Chris.
118	Cameroon	1985	784.9	52.8447804878049	19.7	5.5	36.2	Africa	Oth. Chris.
119	Cameroon	1990	923.9	53.5912682926829	19.6	4.4	39.7	Africa	Oth. Chris.
120	Cameroon	1995	627	53.2186097560976	20	4.2	42.6	Africa	Oth. Chris.
121	Cameroon	2000	583.1	51.9358780487805	20.5	4	45.5	Africa	Oth. Chris.
122	Canada	2010	47465.3	80.8934878048781	20	1.3	80.9	North America	Oth. Chris.
123	Canada	1965	2739.6	71.8721951219512	16.5	2.9	72.9	North America	Oth. Chris.
124	Canada	1970	4115.7	72.7004878048781	16.6	2.1	75.7	North America	Oth. Chris.
125	Canada	1975	7478.5	73.5217073170732	15.9	1.7	75.6	North America	Oth. Chris.
126	Canada	1960	2294.6	71.1331707317073	16.4	3.2	69.1	North America	Oth. Chris.
127	Canada	1985	13991.2	76.3034146341464	16.9	1.1	76.4	North America	Oth. Chris.
128	Canada	1990	21302.4	77.3770731707317	17.9	1.5	76.6	North America	Oth. Chris.
129	Canada	1995	20509	77.9775609756098	18.4	1.2	77.7	North America	Oth. Chris.
130	Canada	1980	11118.5	75.0780487804878	16.2	1.3	75.7	North America	Oth. Chris.
131	Canada	2005	36029.3	80.2926829268293	19.4	1.1	80.1	North America	Oth. Chris.
132	Canada	2000	24032	79.2365853658537	18.8	1.4	79.5	North America	Oth. Chris.
133	Central African Republic	1970	103.4	41.9374146341463	40.5	5.1	27.5	Africa	Ethnic
134	Central African Republic	1975	187.7	45.9295853658537	45.1	5	32	Africa	Ethnic
135	Central African Republic	1965	91.3	38.7258536585366	36.5	5.1	23.5	Africa	Ethnic
136	Central African Republic	1960	74.6	36.4826341463415	31.2	4.8	20.1	Africa	Ethnic
137	Central African Republic	1990	494.6	46.0478292682927	43.5	2.3	36.8	Africa	Ethnic
138	Central African Republic	1995	340.5	44.1487804878049	42.6	2.5	37.2	Africa	Ethnic
139	Central African Republic	1980	350.5	48.7110975609756	45	3.7	33.9	Africa	Ethnic
140	Central African Republic	1985	329.7	48.4418048780488	43.5	3.5	35.5	Africa	Ethnic
141	Central African Republic	2010	456.6	48.0987317073171	42.4	2.4	38.8	Africa	Ethnic
142	Central African Republic	2000	251.4	43.6923170731707	42.2	2.1	37.6	Africa	Ethnic
143	Central African Republic	2005	340.9	44.9959268292683	42.7	2	38.1	Africa	Ethnic
144	Chad	1985	202.9	45.8858780487805	39	3.8	19.8	Africa	Ethnic
145	Chad	1980	228.9	44.6668292682927	38.2	3.1	18.8	Africa	Ethnic
146	Chad	1960	104.4	38.0161219512195	35.5	5.8	6.7	Africa	Ethnic
147	Chad	1965	125.9	39.3332682926829	39.2	8.4	8.4	Africa	Ethnic
148	Chad	1970	128.7	41.3051219512195	36.9	8.4	11.6	Africa	Ethnic
149	Chad	1975	211.5	43.295	36.4	7.9	15.6	Africa	Ethnic
150	Chad	2000	166.9	46.6871707317073	39.2	3.8	21.6	Africa	Ethnic
151	Chad	2005	663.7	47.6715609756098	39.1	3.7	21.8	Africa	Ethnic
152	Chad	1990	292.1	46.3485853658537	38.5	4.2	20.8	Africa	Ethnic
153	Chad	1995	207.1	46.4332926829268	38.6	3.4	21.5	Africa	Ethnic
154	Chad	2010	909.3	49.7698536585366	40.3	3.3	22	Africa	Ethnic
155	Chile	1990	2388.3	73.5451463414634	42	1.9	83.3	South America	Catholic
156	Chile	1995	4941	74.9866097560976	41.8	2	84.5	South America	Catholic
157	Chile	1960	550.6	57.0215365853659	38.2	3.8	67.8	South America	Catholic
158	Chile	1965	699.5	59.2440731707317	37	3.4	71.7	South America	Catholic
159	Chile	1970	937.6	62.0044390243903	36.7	2.8	75.2	South America	Catholic
160	Chile	1975	693.1	65.3228048780488	38.4	2.3	78.4	South America	Catholic
161	Chile	1980	2463.5	69.055512195122	40.9	2.1	81.2	South America	Catholic
162	Chile	1985	1359.5	71.818243902439	41.9	1.8	82.6	South America	Catholic
163	Chile	2005	7614.5	78.1372195121951	42.2	1.3	87.4	South America	Catholic
164	Chile	2010	12681.8	79.0504634146342	41.3	1.2	88.6	South America	Catholic
165	Chile	2000	5133.1	76.7585609756098	42.5	1.6	86.1	South America	Catholic
166	China	2010	4433.3	74.8850243902439	3	3.3	49.2	Asia	Marxist
167	China	2000	949.2	72.1407317073171	3.1	3.6	35.9	Asia	Marxist
168	China	2005	1731.1	74.0539024390244	3	3.9	42.5	Asia	Marxist
169	China	1960	88.7	43.4658048780488	6.3	4.9	16.2	Asia	Marxist
170	China	1965	97.5	51.2914390243903	5	1.2	18.1	Asia	Marxist
171	China	1970	111.8	62.906243902439	4.2	2	17.4	Asia	Marxist
172	China	1975	175.9	65.6995853658537	3.5	2.4	17.4	Asia	Marxist
173	China	1980	193	67.0236097560976	3.1	5.2	19.4	Asia	Marxist
174	China	1985	291.8	68.3412926829268	2.8	4.3	22.9	Asia	Marxist
175	China	1990	314.4	69.4715609756098	2.6	4.3	26.4	Asia	Marxist
176	China	1995	604.2	70.3291707317073	2.8	4.2	31	Asia	Marxist
177	Colombia	1970	337.2	60.8731951219512	20.4	4	54.8	South America	Catholic
178	Colombia	1975	545.9	62.7521463414634	21.6	3.5	58.5	South America	Catholic
179	Colombia	1960	252.5	56.716756097561	17.6	5.9	45	South America	Catholic
180	Colombia	1965	312	59.0621707317073	18.8	4.5	51	South America	Catholic
181	Colombia	1990	1209.2	68.2971951219512	20.8	2.7	68.3	South America	Catholic
182	Colombia	1995	2529.3	69.4269268292683	21.3	2.3	70.5	South America	Catholic
183	Colombia	1980	1240.1	65.4781707317073	21.1	3.4	62.1	South America	Catholic
184	Colombia	1985	1160.2	67.5742926829269	20.7	3.2	65.6	South America	Catholic
185	Colombia	2010	6179.8	73.3676829268293	24.4	1.8	75	South America	Catholic
186	Colombia	2000	2503.5	70.9872195121951	22.1	2.1	72.1	South America	Catholic
187	Colombia	2005	3392.9	72.2606097560976	23.1	1.9	73.6	South America	Catholic
188	Congo, Dem. Rep.	1965	232.8	42.1804878048781	17.6	3.7	23.4	Africa	Oth. Chris.
189	Congo, Dem. Rep.	1960	220.3	41.0180487804878	13	4	22.3	Africa	Oth. Chris.
190	Congo, Dem. Rep.	1980	546.1	46.0884390243902	28.8	3.7	27.1	Africa	Oth. Chris.
191	Congo, Dem. Rep.	1985	239.5	46.9154390243902	32.8	4.1	28.5	Africa	Oth. Chris.
192	Congo, Dem. Rep.	1970	243.8	43.8449268292683	21.7	3.8	24.6	Africa	Oth. Chris.
193	Congo, Dem. Rep.	1975	447	45.1968536585366	25.1	3.7	25.8	Africa	Oth. Chris.
194	Congo, Dem. Rep.	2000	406.6	46.3557317073171	37.2	3.6	35.1	Africa	Oth. Chris.
195	Congo, Dem. Rep.	2005	221.4	47.8216097560976	37.5	4.2	37.5	Africa	Oth. Chris.
196	Congo, Dem. Rep.	1990	267.8	47.4387804878049	34.4	4.9	30.6	Africa	Oth. Chris.
197	Congo, Dem. Rep.	1995	134.3	46.4403170731707	35	4.5	32.8	Africa	Oth. Chris.
198	Congo, Dem. Rep.	2010	346.7	48.9876829268293	37.8	4	39.9	Africa	Oth. Chris.
199	Congo, Rep.	1970	205.9	53.3590487804878	45.7	5	39.1	Africa	Ethnic
200	Congo, Rep.	1975	493.7	54.7929756097561	49	5.1	43.3	Africa	Ethnic
201	Congo, Rep.	1960	130	48.5816341463415	38.6	4.8	31.6	Africa	Ethnic
202	Congo, Rep.	1965	171.3	51.4413658536585	42	4.9	35.3	Africa	Ethnic
203	Congo, Rep.	1985	1039.4	56.7230243902439	54.9	4.1	52.2	Africa	Ethnic
204	Congo, Rep.	1990	1174.3	55.1776829268293	54.3	3.4	54.3	Africa	Ethnic
205	Congo, Rep.	1995	777.8	52.9494146341464	54.1	3.5	56.4	Africa	Ethnic
206	Congo, Rep.	1980	949.6	56.1392195121951	51.9	4.9	47.9	Africa	Ethnic
207	Congo, Rep.	2005	1718.1	54.0332926829268	58.7	3.4	61	Africa	Ethnic
208	Congo, Rep.	2010	2920.4	57.2040243902439	60.5	3.6	63.2	Africa	Ethnic
209	Congo, Rep.	2000	1030	52.3019268292683	55.7	3.4	58.7	Africa	Ethnic
210	Costa Rica	1990	2404.9	75.7266829268293	48.1	4.4	50	North America	Catholic
211	Costa Rica	1980	2057.3	72.5328780487805	52	3.6	43.1	North America	Catholic
212	Costa Rica	1985	1777.4	74.6070487804878	51.2	4.8	45.4	North America	Catholic
213	Costa Rica	1960	380.4	61.6063658536585	50.3	3.7	34.3	North America	Catholic
214	Costa Rica	1965	374.6	64.3647804878049	50.6	4.9	35.8	North America	Catholic
215	Costa Rica	1970	540.5	66.8386097560976	50.7	4.2	38.8	North America	Catholic
216	Costa Rica	1975	955.6	69.5440487804878	51.8	3.3	41.3	North America	Catholic
217	Costa Rica	2005	4621.4	78.4460243902439	37.9	3.7	65.7	North America	Catholic
218	Costa Rica	2010	7773.2	79.2797073170732	33.5	3.1	71.7	North America	Catholic
219	Costa Rica	1995	3370.2	76.7676097560976	46.1	4.1	54.6	North America	Catholic
220	Costa Rica	2000	4058	77.7344878048781	44.5	3.8	59	North America	Catholic
221	Cote d'Ivoire	1995	773.7	49.5966585365854	43.3	3.9	41.2	Africa	Muslim
222	Cote d'Ivoire	2000	645.8	46.4539024390244	43.1	3.6	43.5	Africa	Muslim
223	Cote d'Ivoire	1960	157.2	36.8724146341463	31.2	10.3	17.7	Africa	Muslim
224	Cote d'Ivoire	1965	218	40.1244146341463	30	10.4	24.5	Africa	Muslim
225	Cote d'Ivoire	1970	277.7	43.7434390243902	37.1	7.2	28.2	Africa	Muslim
226	Cote d'Ivoire	1975	589.4	47.7422195121951	45.4	7.5	32.2	Africa	Muslim
227	Cote d'Ivoire	1980	1231.1	50.7090731707317	45.4	5	36.8	Africa	Muslim
228	Cote d'Ivoire	1985	686.9	52.5941219512195	44.6	4.5	37.9	Africa	Muslim
229	Cote d'Ivoire	1990	891.1	52.6089268292683	44.1	4.3	39.3	Africa	Muslim
230	Cote d'Ivoire	2005	982.2	47.2322926829268	43.5	2.9	46.8	Africa	Muslim
231	Cote d'Ivoire	2010	1311.3	49.6752926829268	43.3	3.5	50.6	Africa	Muslim
232	Denmark	2005	48816.8	77.8439024390244	24.2	0.6	85.9	Europe	Oth. Chris.
233	Denmark	2010	57647.9	79.1	24.8	0.6	86.8	Europe	Oth. Chris.
234	Denmark	1960	1364.5	72.1765853658537	38.1	1.8	73.7	Europe	Oth. Chris.
235	Denmark	1965	2243.9	72.3707317073171	37.4	1.6	77	Europe	Oth. Chris.
236	Denmark	1970	3422	73.3434146341463	35.1	1.4	79.7	Europe	Oth. Chris.
237	Denmark	1975	7955	74.0751219512195	28.2	0.9	82.1	Europe	Oth. Chris.
238	Denmark	1980	13833.1	74.1017073170732	25.6	0.5	83.7	Europe	Oth. Chris.
239	Denmark	1985	12167.5	74.4275609756098	24.5	0.2	84.4	Europe	Oth. Chris.
240	Denmark	1990	26861.8	74.8053658536585	23.7	0.2	84.8	Europe	Oth. Chris.
241	Denmark	1995	35351.4	75.2126829268293	23.6	0.6	85	Europe	Oth. Chris.
242	Denmark	2000	30743.6	76.5926829268293	23.7	0.4	85.1	Europe	Oth. Chris.
243	Dominican Republic	2010	5295.4	72.7921463414634	35.2	3	73.8	North America	Catholic
244	Dominican Republic	1965	227.7	55.3788292682927	36.8	6	35	North America	Catholic
245	Dominican Republic	1970	328.3	58.5396829268293	37.8	5.5	40.2	North America	Catholic
246	Dominican Republic	1975	696.4	61.0621951219512	38.6	5	45.7	North America	Catholic
247	Dominican Republic	1960	203	51.8452682926829	36.7	5.7	30.2	North America	Catholic
248	Dominican Republic	1985	773.3	65.2725365853659	39.7	2.7	53.9	North America	Catholic
249	Dominican Republic	1990	976.3	67.9504146341463	38	2.5	55.2	North America	Catholic
250	Dominican Republic	1995	2050.5	69.720512195122	37.1	3.3	57.6	North America	Catholic
251	Dominican Republic	1980	1138.2	63.0356829268293	40.5	4.5	51.3	North America	Catholic
252	Dominican Republic	2005	3635.7	71.6914146341463	36.5	3.5	67.4	North America	Catholic
253	Dominican Republic	2000	2769.9	70.6327317073171	37.3	2.9	61.7	North America	Catholic
254	Ecuador	1970	475.1	57.7778780487805	30.4	4.2	39.3	South America	Catholic
255	Ecuador	1975	1115.9	60.0668048780488	30.3	4.9	42.4	South America	Catholic
256	Ecuador	1965	457.9	55.8247073170732	30.5	4.3	36.6	South America	Catholic
257	Ecuador	1960	223.8	53.1244390243902	29.8	4.6	33.9	South America	Catholic
258	Ecuador	1990	1505.3	68.8390731707317	28.2	3.8	55.1	South America	Catholic
259	Ecuador	1995	2159.1	71.227243902439	27.7	3	57.8	South America	Catholic
260	Ecuador	1980	2260.8	62.9238292682927	30.1	4.6	47	South America	Catholic
261	Ecuador	1985	1913.5	66.0633902439024	29.5	4	51.2	South America	Catholic
262	Ecuador	2010	4636.7	75.6477073170732	26.5	2	62.7	South America	Catholic
263	Ecuador	2000	1462.3	73.3568536585366	27.5	2.8	60.3	South America	Catholic
264	Ecuador	2005	3012.8	74.629	27	2.1	61.7	South America	Catholic
265	Finland	1985	11405.9	74.2229268292683	19.5	1.5	75.8	Europe	Oth. Chris.
266	Finland	1980	11232.3	73.44	19.7	1.4	71.7	Europe	Oth. Chris.
267	Finland	1960	1179.4	68.819756097561	18.3	3	55.3	Europe	Oth. Chris.
268	Finland	1965	1882.1	68.9778048780488	17.6	1.7	59.7	Europe	Oth. Chris.
269	Finland	1970	2467.5	70.179512195122	17.3	0.9	63.7	Europe	Oth. Chris.
270	Finland	1975	6260.2	71.6736585365854	18.2	1.6	67.8	Europe	Oth. Chris.
271	Finland	2000	24253.3	77.4658536585366	24	0.5	82.2	Europe	Oth. Chris.
272	Finland	2005	38968.2	78.8170731707317	24.5	0.5	82.9	Europe	Oth. Chris.
273	Finland	1990	28380.5	74.8131707317073	22	1.3	79.4	Europe	Oth. Chris.
274	Finland	1995	26273.5	76.409512195122	22.8	0.7	81	Europe	Oth. Chris.
275	Finland	2010	46202.4	79.8707317073171	25	0.6	83.6	Europe	Oth. Chris.
276	France	1990	21833.9	76.6	21.6	0.7	74.1	Europe	Catholic
277	France	1995	27038.5	77.7512195121951	21.3	0.6	74.9	Europe	Catholic
278	France	1960	1343.1	69.8682926829268	25.7	2.4	61.9	Europe	Catholic
279	France	1965	2045.4	70.8121951219512	23.4	2.9	67.1	Europe	Catholic
280	France	1970	2870.2	71.6585365853659	22.3	1.3	71.1	Europe	Catholic
281	France	1975	6699.6	72.8536585365854	21.7	1.1	72.9	Europe	Catholic
282	France	1980	12739.3	74.0512195121951	21.4	0.5	73.3	Europe	Catholic
283	France	1985	9770.3	75.3	21.4	0.7	73.7	Europe	Catholic
284	France	2005	34880.6	80.1634146341463	20.7	1.1	77.1	Europe	Catholic
285	France	2010	40706.1	81.6634146341463	20.5	0.8	78.3	Europe	Catholic
286	France	2000	22466.2	79.0560975609756	21.1	1	75.9	Europe	Catholic
287	Gabon	2010	9362.1	62.289756097561	47.3	2.9	85.7	Africa	Ethnic
288	Gabon	2000	4135.3	59.6880243902439	50.5	3.5	80.1	Africa	Ethnic
289	Gabon	2005	6282	60.0091463414634	48.6	3.1	83.4	Africa	Ethnic
290	Gabon	1960	283.6	39.5578048780488	33.7	5	17.4	Africa	Ethnic
291	Gabon	1965	425.8	42.326	39	8	23.8	Africa	Ethnic
292	Gabon	1970	549.6	46.6253902439024	40.6	7.7	32	Africa	Ethnic
293	Gabon	1975	3328.7	50.6918536585366	55.5	7.5	43	Africa	Ethnic
294	Gabon	1980	5891.1	54.8442195121951	58.9	6.8	54.7	Africa	Ethnic
295	Gabon	1985	4043.4	58.9983902439024	56.8	4.8	62.4	Africa	Ethnic
296	Gabon	1990	6287.4	61.289	55.9	4.7	69.1	Africa	Ethnic
297	Gabon	1995	4589.5	61.0947073170732	54	4.1	75.4	Africa	Ethnic
298	Ghana	1970	257.6	49.3349756097561	25.3	4	29	Africa	Ethnic
299	Ghana	1975	285.8	50.8139512195122	25	3.1	30	Africa	Ethnic
300	Ghana	1960	183	45.8314634146342	25.4	6.7	23.3	Africa	Ethnic
301	Ghana	1965	266.3	47.8076341463415	24.8	4.8	26.1	Africa	Ethnic
302	Ghana	1990	402.6	56.7516341463415	22.5	4.7	36.4	Africa	Ethnic
303	Ghana	1995	385.7	57.5027073170732	21	4.4	40.1	Africa	Ethnic
304	Ghana	1980	411.5	52.2717804878049	25.6	3.1	31.2	Africa	Ethnic
305	Ghana	1985	354.2	54.1097073170732	24.2	5.3	32.9	Africa	Ethnic
306	Ghana	2010	1326.1	60.5995609756098	16.7	3.7	50.7	Africa	Ethnic
307	Ghana	2000	264.7	56.9875853658537	20.2	4.1	43.9	Africa	Ethnic
308	Ghana	2005	501.9	58.7045365853659	18.3	4	47.3	Africa	Ethnic
309	Greece	1965	888.9	69.638	41.4	1.9	60	Europe	Oth. Chris.
310	Greece	1960	533.7	68.1639024390244	38.9	1.4	55.9	Europe	Oth. Chris.
311	Greece	1980	5915.4	73.6471463414634	44.7	1.7	69.3	Europe	Oth. Chris.
312	Greece	1985	4831.5	75.0765609756098	43.5	0.7	70.5	Europe	Oth. Chris.
313	Greece	1970	1499.9	70.9036341463415	44	1.5	64.2	Europe	Oth. Chris.
314	Greece	1975	3164.9	72.2937073170732	45.2	1.7	66.9	Europe	Oth. Chris.
315	Greece	2000	11960.7	77.8878048780488	40	0.5	72.7	Europe	Oth. Chris.
316	Greece	2005	22326.5	79.2390243902439	38.1	0.8	74.5	Europe	Oth. Chris.
317	Greece	1990	9673.5	76.9390243902439	42.3	0.9	71.5	Europe	Oth. Chris.
318	Greece	1995	12918.8	77.5853658536585	40.7	0.9	72.1	Europe	Oth. Chris.
319	Greece	2010	26861.5	80.3878048780488	36.4	0.2	76.3	Europe	Oth. Chris.
320	Guatemala	1970	351.6	52.0531463414634	47.6	3.6	35.5	North America	Catholic
321	Guatemala	1975	588.6	55.132756097561	46.3	3	36.7	North America	Catholic
322	Guatemala	1960	252	45.5316341463415	46.9	4.8	31.1	North America	Catholic
323	Guatemala	1965	281.1	48.5086097560976	47.7	3.6	34	North America	Catholic
324	Guatemala	1985	1227.5	59.5680731707317	41.6	3.4	39.2	North America	Catholic
325	Guatemala	1990	860.5	62.2384146341464	39.6	3.3	41.1	North America	Catholic
326	Guatemala	1995	1468.1	64.9629756097561	38.4	3.2	43.1	North America	Catholic
327	Guatemala	1980	1125.4	57.201487804878	44	2.8	37.4	North America	Catholic
328	Guatemala	2005	2146.2	69.6089756097561	38.3	3.4	47.2	North America	Catholic
329	Guatemala	2010	2882.4	70.9959756097561	36.5	3.4	49.3	North America	Catholic
330	Guatemala	2000	1721.7	67.7412195121951	39	3.3	45.1	North America	Catholic
331	Honduras	1990	621.8	66.6890487804878	28.8	4	40.5	North America	Catholic
332	Honduras	1980	705.7	59.6121219512195	29.2	4.8	34.9	North America	Catholic
333	Honduras	1985	858.9	63.613756097561	29.5	4.6	37.7	North America	Catholic
334	Honduras	1960	167.6	46.2883170731707	28.1	5.7	22.7	North America	Catholic
335	Honduras	1965	216.2	49.5473658536585	28	5.4	25.7	North America	Catholic
336	Honduras	1970	268.6	52.5151463414634	28.7	5	28.9	North America	Catholic
337	Honduras	1975	361.7	55.8232926829268	29.2	4.7	32.1	North America	Catholic
338	Honduras	2005	1402	71.4733170731707	25.7	3.3	48.5	North America	Catholic
339	Honduras	2010	2078.3	72.8503170731707	25.1	3.2	51.7	North America	Catholic
340	Honduras	1995	699.4	68.8578780487805	27.3	3.6	42.9	North America	Catholic
341	Honduras	2000	1139.5	70.4841463414634	26.5	3.2	45.5	North America	Catholic
342	Hong Kong SAR, China	1995	23497.5	78.6829268292683	99.8	2	100	Asia	Buddhist
343	Hong Kong SAR, China	2000	25756.7	80.8780487804878	100	0.9	100	Asia	Buddhist
344	Hong Kong SAR, China	1960	429.4	66.9997073170732	100	4.5	85.2	Asia	Buddhist
345	Hong Kong SAR, China	1965	676.8	69.5553902439024	100	2.9	86.4	Asia	Buddhist
346	Hong Kong SAR, China	1970	960	71.4524390243903	100	2.7	87.7	Asia	Buddhist
347	Hong Kong SAR, China	1975	2252.1	73.3682926829268	97.6	3.3	89.7	Asia	Buddhist
348	Hong Kong SAR, China	1980	5700.4	74.6731707317073	99.8	3	91.5	Asia	Buddhist
349	Hong Kong SAR, China	1985	6542.9	76.4341463414634	99.2	1.4	92.9	Asia	Buddhist
350	Hong Kong SAR, China	1990	13485.5	77.3804878048781	100	0.7	99.5	Asia	Buddhist
351	Hong Kong SAR, China	2005	26649.8	81.5804878048781	100	0.4	100	Asia	Buddhist
352	Hong Kong SAR, China	2010	32550	82.9780487804878	100	0.7	100	Asia	Buddhist
353	India	2005	740.1	64.0975853658537	5.7	2.6	29.2	Asia	Hindu
354	India	2010	1417.1	65.694243902439	5.9	2.4	30.9	Asia	Hindu
355	India	1960	83.8	41.3836341463415	7	2.3	17.9	Asia	Hindu
356	India	1965	121.7	45.138512195122	6.7	3.1	18.8	Asia	Hindu
357	India	1970	114.4	48.8404146341463	6.3	3.2	19.8	Asia	Hindu
358	India	1975	161	52.4834634146342	5.9	3.9	21.3	Asia	Hindu
359	India	1980	271.2	55.3784634146341	5.6	3.9	23.1	Asia	Hindu
360	India	1985	302.6	57.1080243902439	5.5	3.2	24.3	Asia	Hindu
361	India	1990	375.9	58.5291951219512	5.6	3	25.5	Asia	Hindu
362	India	1995	383.6	60.1885609756098	5.6	2.6	26.6	Asia	Hindu
363	India	2000	457.3	62.1618536585366	5.7	2.4	27.7	Asia	Hindu
364	Ireland	2010	47900.8	80.7439024390244	39	1	61.8	Europe	Catholic
365	Ireland	1965	1023.8	70.5252926829268	51.6	1.7	48.7	Europe	Catholic
366	Ireland	1970	1485	70.9962195121951	50.4	2	51.7	Europe	Catholic
367	Ireland	1975	2970.4	71.5462926829268	48.7	2.3	53.6	Europe	Catholic
368	Ireland	1960	685.6	69.691756097561	51	0.5	45.8	Europe	Catholic
369	Ireland	1985	6005.7	73.6409024390244	46.2	0.4	56.3	Europe	Catholic
370	Ireland	1990	14017.3	74.7413170731707	45.8	0.3	56.9	Europe	Catholic
371	Ireland	1995	19139.3	75.5713414634146	45.3	0.9	57.9	Europe	Catholic
372	Ireland	1980	6366.1	72.5493658536585	47.8	1.8	55.3	Europe	Catholic
373	Ireland	2005	50567.8	78.9439024390244	41.2	2.6	60.5	Europe	Catholic
374	Ireland	2000	26100.7	76.5365853658537	43.9	1.8	59.1	Europe	Catholic
375	Italy	1970	2100.7	71.5587804878049	9.1	1.3	64.3	Europe	Catholic
376	Italy	1975	4094.9	72.6473170731708	9.1	0.9	65.6	Europe	Catholic
377	Italy	1965	1304.5	70.1717073170732	8.6	1.6	61.8	Europe	Catholic
378	Italy	1960	804.5	69.1239024390244	8.2	2.8	59.4	Europe	Catholic
379	Italy	1990	20764.6	76.980243902439	9.1	0.1	66.7	Europe	Catholic
380	Italy	1995	20603.9	78.1707317073171	9	0.1	66.9	Europe	Catholic
381	Italy	1980	8432.1	73.9431707317073	9	0.5	66.6	Europe	Catholic
382	Italy	1985	7967.2	75.4707317073171	9.1	0	66.8	Europe	Catholic
383	Italy	2010	35875.7	82.3365853658537	8.9	0.5	68.3	Europe	Catholic
384	Italy	2000	20059.2	79.7780487804878	8.8	0.1	67.2	Europe	Catholic
385	Italy	2005	31973.1	80.7317073170732	8.8	0.7	67.7	Europe	Catholic
386	Jamaica	1985	908.8	71.0614390243903	48.1	1.8	48.4	North America	Oth. Chris.
387	Jamaica	1980	1256.2	70.485512195122	51.8	2.5	46.7	North America	Oth. Chris.
388	Jamaica	1960	429.1	64.1918292682927	76.5	4.2	33.8	North America	Oth. Chris.
389	Jamaica	1965	552.4	66.5853170731708	67.8	3.5	37.5	North America	Oth. Chris.
390	Jamaica	1970	751.6	68.1881219512195	61.6	3.1	41.3	North America	Oth. Chris.
391	Jamaica	1975	1421	69.3562926829268	56	2.6	44	North America	Oth. Chris.
392	Jamaica	2000	3479.1	70.4712926829268	43.1	1	51.8	North America	Oth. Chris.
393	Jamaica	2005	4189.7	71.4784146341463	41.6	0.7	52.8	North America	Oth. Chris.
394	Jamaica	1990	1921.4	70.6537073170732	47.6	1	49.4	North America	Oth. Chris.
395	Jamaica	1995	2344.1	70.2689512195122	45.5	1.3	50.6	North America	Oth. Chris.
396	Jamaica	2010	4917	72.8471219512195	40.4	0.7	53.7	North America	Oth. Chris.
397	Japan	1990	25123.6	78.8368292682927	34	0.5	77.3	Asia	Others
398	Japan	1995	42522.1	79.5363414634147	34.3	0.6	78	Asia	Others
399	Japan	1960	479	67.6660975609756	28.5	2.4	63.3	Asia	Others
400	Japan	1965	919.8	70.2019512195122	30.2	2.4	67.9	Asia	Others
401	Japan	1970	2003.6	71.950243902439	31.1	2.2	71.9	Asia	Others
402	Japan	1975	4581.6	75.0573170731707	31.4	2.6	75.7	Asia	Others
403	Japan	1980	9307.8	76.0917073170732	32.1	0.9	76.2	Asia	Others
404	Japan	1985	11465.7	77.650487804878	32.7	0.8	76.7	Asia	Others
405	Japan	2005	35781.2	81.9251219512195	32.4	1.6	86	Asia	Others
406	Japan	2010	43117.8	82.8426829268293	31.9	0.8	90.5	Asia	Others
407	Japan	2000	37291.7	81.0760975609756	34.5	0.3	78.6	Asia	Others
408	Kenya	2010	977.8	59.5470731707317	33.6	4.3	23.6	Africa	Ethnic
409	Kenya	2000	406.1	52.8401219512195	35.6	4.3	19.9	Africa	Ethnic
410	Kenya	2005	523.6	54.6973414634146	34.5	4.4	21.7	Africa	Ethnic
411	Kenya	1960	97.6	46.3624146341463	49	5.8	7.4	Africa	Ethnic
412	Kenya	1965	105	49.428756097561	49.3	6.6	8.6	Africa	Ethnic
413	Kenya	1970	142.5	52.2330243902439	45.8	7.9	10.3	Africa	Ethnic
414	Kenya	1975	241.7	55.0200731707317	38.9	8.2	12.9	Africa	Ethnic
415	Kenya	1980	446.6	57.8201707317073	34	5	15.6	Africa	Ethnic
416	Kenya	1985	312.1	59.5453902439024	34.5	4.3	16.1	Africa	Ethnic
417	Kenya	1990	365.6	59.1153414634146	35.1	5	16.7	Africa	Ethnic
418	Kenya	1995	329.9	55.9554146341464	35.1	4.6	18.3	Africa	Ethnic
419	Korea, Rep.	1970	291.9	62.0358536585366	40.5	7.1	40.7	Asia	Buddhist
420	Korea, Rep.	1975	646.2	63.9558536585366	40.2	4.8	48	Asia	Buddhist
421	Korea, Rep.	1960	155.6	53.0013170731707	34.1	5.4	27.7	Asia	Buddhist
422	Korea, Rep.	1965	105.1	56.821243902439	37.2	5.6	32.4	Asia	Buddhist
423	Korea, Rep.	1990	6642.5	71.299756097561	33.2	3.3	73.8	Asia	Buddhist
424	Korea, Rep.	1995	12403.9	73.3943902439024	29	2	78.2	Asia	Buddhist
425	Korea, Rep.	1980	1778.5	65.8092682926829	38.2	4.7	56.7	Asia	Buddhist
426	Korea, Rep.	1985	2542	68.5329268292683	35.3	3.4	64.9	Asia	Buddhist
427	Korea, Rep.	2010	22151.2	80.5512195121951	24.2	0.6	81.9	Asia	Buddhist
428	Korea, Rep.	2000	11947.6	75.8353658536585	26.4	1.1	79.6	Asia	Buddhist
429	Korea, Rep.	2005	18657.5	78.4326829268293	25.1	0.6	81.3	Asia	Buddhist
430	Liberia	1965	183	36.5933658536585	43.7	5.7	22.1	Africa	Ethnic
431	Liberia	1960	170	34.7831707317073	36	5.7	18.6	Africa	Ethnic
432	Liberia	1980	451.6	46.0220731707317	48.8	6.2	35.2	Africa	Ethnic
433	Liberia	1985	387.4	47.3198292682927	55.2	7.7	42.4	Africa	Ethnic
434	Liberia	1970	227.6	39.3021463414634	44.4	5.8	26	Africa	Ethnic
435	Liberia	1975	354.6	42.7256585365854	45.7	5.9	30.4	Africa	Ethnic
436	Liberia	2000	182.9	52.4091219512195	65.2	6.1	44.3	Africa	Ethnic
437	Liberia	2005	165.8	55.0661707317073	79.8	3.4	46.1	Africa	Ethnic
438	Liberia	1990	182.8	47.2024390243903	89.4	3.2	55.4	Africa	Ethnic
439	Liberia	1995	64.8	50.1628292682927	48.5	-3.4	46	Africa	Ethnic
440	Liberia	2010	326.6	59.4343170731707	55.8	4.3	47.8	Africa	Ethnic
441	Madagascar	1970	169.1	44.7824146341463	39.1	5.2	14.1	Africa	Oth. Chris.
442	Madagascar	1975	301.4	47.1114390243903	36.7	5.8	16.3	Africa	Oth. Chris.
443	Madagascar	1960	132	39.9746829268293	46.5	5.4	10.6	Africa	Oth. Chris.
444	Madagascar	1965	144.5	42.3656829268293	41.7	5.5	12.4	Africa	Oth. Chris.
445	Madagascar	1985	286.3	49.7103170731707	35.5	5.1	20.9	Africa	Oth. Chris.
446	Madagascar	1990	266.9	51.0080975609756	34.8	5.3	23.6	Africa	Oth. Chris.
447	Madagascar	1995	234.9	54.6140487804878	33.7	4.1	25.8	Africa	Oth. Chris.
448	Madagascar	1980	462.1	49.030756097561	35.8	5.3	18.5	Africa	Oth. Chris.
449	Madagascar	2005	275.5	61.1867804878049	29.6	5	28.8	Africa	Oth. Chris.
450	Madagascar	2010	414.1	63.3497317073171	30	4.8	31.9	Africa	Oth. Chris.
451	Madagascar	2000	246.3	58.4728048780488	31.9	4.1	27.1	Africa	Oth. Chris.
452	Malawi	1990	199.1	47.1168292682927	33.9	6.5	11.6	Africa	Ethnic
453	Malawi	1980	198.4	44.3731219512195	43.6	5.3	9.1	Africa	Ethnic
454	Malawi	1985	155.7	46.0741219512195	41.2	6.6	10.2	Africa	Ethnic
455	Malawi	1960	46.2	37.8355853658537	32.4	4.5	4.4	Africa	Ethnic
456	Malawi	1965	57.7	38.9014146341463	48.7	4.7	4.9	Africa	Ethnic
457	Malawi	1970	64.1	40.6052195121951	50.9	7.6	6.1	Africa	Ethnic
458	Malawi	1975	115.7	42.6138292682927	47	7.9	7.7	Africa	Ethnic
459	Malawi	2005	213.2	48.9399756097561	31.3	3.4	15.1	Africa	Ethnic
460	Malawi	2010	359.6	53.4657073170732	31.3	3.7	15.5	Africa	Ethnic
461	Malawi	1995	140.2	46.6518292682927	33.8	3.9	13.3	Africa	Ethnic
462	Malawi	2000	154	46.0342195121951	32	3.4	14.6	Africa	Ethnic
463	Malaysia	1995	4286.2	71.8626341463415	25.8	4.9	55.7	Asia	Muslim
464	Malaysia	2000	4004.5	72.8514146341463	28.8	4.3	62	Asia	Muslim
465	Malaysia	1960	299.1	59.4753414634146	15.8	5.6	26.6	Asia	Muslim
466	Malaysia	1965	333.1	62.1904878048781	13.8	5.3	29.9	Asia	Muslim
467	Malaysia	1970	392	64.4632195121951	12.4	4.7	33.5	Asia	Muslim
468	Malaysia	1975	803.3	66.4018780487805	14.3	4.7	37.7	Asia	Muslim
469	Malaysia	1980	1802.6	68.0605365853659	16.7	4.5	42	Asia	Muslim
470	Malaysia	1985	2015.5	69.500756097561	19.7	4.5	45.9	Asia	Muslim
471	Malaysia	1990	2417.4	70.7574878048781	23.1	4.4	49.8	Asia	Muslim
472	Malaysia	2005	5553.9	73.687	28.6	3.2	66.6	Asia	Muslim
473	Malaysia	2010	8754.2	74.4955853658537	29	2.9	70.9	Asia	Muslim
474	Mauritania	2005	590.5	60.2426097560976	40	4.4	53.1	Africa	Muslim
475	Mauritania	2010	977.2	61.023243902439	39.6	3.8	56.7	Africa	Muslim
476	Mauritania	1960	107.9	43.4830975609756	8.9	10.7	6.9	Africa	Muslim
477	Mauritania	1965	174.1	46.6307317073171	13.9	10.5	10.1	Africa	Muslim
478	Mauritania	1970	182.2	49.1069512195122	22.5	10.1	14.6	Africa	Muslim
479	Mauritania	1975	358.2	51.4279268292683	37.5	9.6	20.6	Africa	Muslim
480	Mauritania	1980	462.2	54.2424390243903	45.6	8.1	27.4	Africa	Muslim
481	Mauritania	1985	386.6	56.8646097560976	49.2	7.5	35	Africa	Muslim
482	Mauritania	1990	503.7	58.3861219512195	50	4.6	41.3	Africa	Muslim
483	Mauritania	1995	606.3	59.1867317073171	45.5	4.7	45.3	Africa	Muslim
484	Mauritania	2000	399.3	59.6729268292683	41.5	4.7	49.2	Africa	Muslim
485	Mexico	2010	8920.7	76.6902926829268	21.9	1.6	77.8	North America	Catholic
486	Mexico	1965	481.5	59.4337073170732	28	4.7	54.9	North America	Catholic
487	Mexico	1970	670.7	61.350243902439	28.2	4.5	59	North America	Catholic
488	Mexico	1975	1426.1	63.9201463414634	27.7	4.1	62.8	North America	Catholic
489	Mexico	1960	337.6	57.0656341463415	27.9	4.9	50.8	North America	Catholic
490	Mexico	1985	2369.3	68.7926097560976	26.6	2.7	69	North America	Catholic
491	Mexico	1990	3052	70.7957317073171	25.4	2.7	71.4	North America	Catholic
492	Mexico	1995	3604	72.7382682926829	24.3	2.5	73.4	North America	Catholic
493	Mexico	1980	2762.6	66.5602195121951	27.9	3.4	66.3	North America	Catholic
494	Mexico	2005	7823.8	75.4855365853659	22.8	1.6	76.3	North America	Catholic
495	Mexico	2000	6581.5	74.2652682926829	23.8	1.9	74.7	North America	Catholic
496	Morocco	1970	247.4	52.5372926829268	27.4	3.8	34.5	Africa	Muslim
497	Morocco	1975	505.9	54.4487073170732	26.9	4	37.7	Africa	Muslim
498	Morocco	1965	208.5	50.5648780487805	26.9	4.2	31.9	Africa	Muslim
499	Morocco	1960	164.8	48.4466341463415	26.7	4.2	29.4	Africa	Muslim
500	Morocco	1990	1158.6	64.683	22.5	3.4	48.4	Africa	Muslim
501	Morocco	1995	1372.8	66.8881951219512	21.4	2.3	51.7	Africa	Muslim
502	Morocco	1980	1056.6	57.5128048780488	25.8	4.1	41.2	Africa	Muslim
503	Morocco	1985	636.4	61.4207804878049	24.1	3.9	44.8	Africa	Muslim
504	Morocco	2010	2822.7	70.1715853658537	18.7	2	57.7	Africa	Muslim
505	Morocco	2000	1275.9	68.1385853658537	20.5	1.8	53.3	Africa	Muslim
506	Morocco	2005	1948.2	69.0716829268293	19.9	1.8	55.1	Africa	Muslim
507	Nepal	1985	162.3	51.1507073170732	24.9	5.9	7.4	Asia	Hindu
508	Nepal	1980	135.3	47.6534146341463	25.7	6.9	6.1	Asia	Hindu
509	Nepal	1960	53.3	38.4556341463415	35.9	4.3	3.5	Asia	Hindu
510	Nepal	1965	70.4	40.4687804878049	33.8	3	3.7	Asia	Hindu
511	Nepal	1970	74.9	42.4318536585366	32.2	3.2	4	Asia	Hindu
512	Nepal	1975	122.4	44.7080731707317	29	6.8	4.8	Asia	Hindu
513	Nepal	2000	237	62.0427073170732	20.7	6.3	13.4	Asia	Hindu
514	Nepal	2005	321.5	64.748	20.7	3.6	15.2	Asia	Hindu
515	Nepal	1990	200.3	55.0364390243903	24.8	6	8.9	Asia	Hindu
516	Nepal	1995	213.8	58.8102682926829	22.7	6.8	10.9	Asia	Hindu
517	Nepal	2010	595.8	67.1049268292683	21.5	3.2	16.8	Asia	Hindu
518	Netherlands	1990	20936.9	76.8780487804878	9.3	1.3	68.7	Europe	Oth. Chris.
519	Netherlands	1995	28771.7	77.4046341463415	8.8	1.7	72.8	Europe	Oth. Chris.
520	Netherlands	1960	1068.8	73.3926829268293	13.7	2.5	59.8	Europe	Oth. Chris.
521	Netherlands	1965	1708.1	73.5687804878049	12.9	1.7	60.8	Europe	Oth. Chris.
522	Netherlands	1970	2878.4	73.5856097560976	12	1.5	61.7	Europe	Oth. Chris.
523	Netherlands	1975	7213.5	74.4987804878049	11.3	1.4	63.2	Europe	Oth. Chris.
524	Netherlands	1980	13562.6	75.7431707317073	10.3	1.3	64.7	Europe	Oth. Chris.
525	Netherlands	1985	9761.1	76.2846341463415	9.6	1.1	66.7	Europe	Oth. Chris.
526	Netherlands	2005	41198.7	79.3463414634146	7.6	1.6	82.6	Europe	Oth. Chris.
527	Netherlands	2010	50338.3	80.7024390243902	7.3	1.5	87.1	Europe	Oth. Chris.
528	Netherlands	2000	25958.2	77.9878048780488	8.2	1.7	76.8	Europe	Oth. Chris.
529	Nicaragua	2010	1535.2	73.7951219512195	28	1.9	57.3	North America	Catholic
530	Nicaragua	2000	1001.3	69.6465853658537	31.8	2	54.7	North America	Catholic
531	Nicaragua	2005	1159	71.9099512195122	29.8	1.7	55.9	North America	Catholic
532	Nicaragua	1960	128	46.9988292682927	28.3	4.3	39.6	North America	Catholic
533	Nicaragua	1965	273.5	50.2706341463415	30.5	5	42.7	North America	Catholic
534	Nicaragua	1970	324.4	53.6436585365854	32.4	4.9	47	North America	Catholic
535	Nicaragua	1975	565.3	56.5089268292683	32.5	3.6	48.7	North America	Catholic
536	Nicaragua	1980	659.7	58.4970975609756	32.3	3.4	49.9	North America	Catholic
537	Nicaragua	1985	723.4	60.6678292682927	32.7	2.9	51.1	North America	Catholic
538	Nicaragua	1990	244	64.135	33.9	2.7	52.3	North America	Catholic
539	Nicaragua	1995	888.6	67.342243902439	34.7	2.7	53.5	North America	Catholic
540	Niger	1970	147.3	36.2663170731707	33.3	8.1	8.8	Africa	Muslim
541	Niger	1975	206.8	37.277243902439	34.2	7.9	11.4	Africa	Muslim
542	Niger	1960	134.7	35.5150487804878	29.8	4.4	5.8	Africa	Muslim
543	Niger	1965	175.5	35.8434878048781	32.6	7	6.8	Africa	Muslim
544	Niger	1990	319.9	43.9511951219512	36.8	3.6	15.4	Africa	Muslim
545	Niger	1995	205.2	47.129	38.2	4	15.8	Africa	Muslim
546	Niger	1980	430	39.4038292682927	35	4.4	13.4	Africa	Muslim
547	Niger	1985	214.8	41.7193902439024	35.6	4.3	14.5	Africa	Muslim
548	Niger	2010	359.8	56.9856341463415	33.8	4.9	17.6	Africa	Muslim
549	Niger	2000	163.6	50.7059024390244	39.1	4.2	16.2	Africa	Muslim
550	Niger	2005	258.3	54.1201463414634	37	4.4	16.7	Africa	Muslim
551	Nigeria	1965	116.9	39.2808780487805	13.7	3.6	16.6	Africa	Muslim
552	Nigeria	1960	92.8	37.1829512195122	10.9	8.5	15.4	Africa	Muslim
553	Nigeria	1980	871.1	45.5478048780488	15.9	4.9	22	Africa	Muslim
554	Nigeria	1985	344.1	46.3452926829268	16.3	5.6	25.6	Africa	Muslim
555	Nigeria	1970	223.5	41.1810243902439	14.2	3.7	17.8	Africa	Muslim
556	Nigeria	1975	437	43.3975853658537	15	4.9	19.8	Africa	Muslim
557	Nigeria	2000	377.5	46.624	17	4.1	34.8	Africa	Muslim
558	Nigeria	2005	804.2	48.6644878048781	16.2	4.8	39.1	Africa	Muslim
559	Nigeria	1990	321.7	46.1102682926829	16.8	5.4	29.7	Africa	Muslim
560	Nigeria	1995	263.3	46.1140731707317	17.1	4.1	32.2	Africa	Muslim
561	Nigeria	2010	2310.9	51.2894146341464	15.5	4.8	43.5	Africa	Muslim
562	Norway	1970	3284.4	74.0880487804878	25.4	3.1	65.4	Europe	Oth. Chris.
563	Norway	1975	8126.6	74.8175609756098	23.6	1.3	68.2	Europe	Oth. Chris.
564	Norway	1960	1441.8	73.549756097561	32.3	0.7	49.9	Europe	Oth. Chris.
565	Norway	1965	2164.5	73.7231707317073	28.5	3.6	57.6	Europe	Oth. Chris.
566	Norway	1985	15474.3	75.9168292682927	22.4	0.5	71.3	Europe	Oth. Chris.
567	Norway	1990	27731.8	76.5373170731707	22.4	0.5	72	Europe	Oth. Chris.
568	Norway	1995	34162.3	77.7365853658537	22.7	0.9	73.8	Europe	Oth. Chris.
569	Norway	1980	15594.8	75.6717073170732	22.3	1	70.5	Europe	Oth. Chris.
570	Norway	2005	65767	80.0414634146342	22.8	1	77.5	Europe	Oth. Chris.
571	Norway	2010	86096.1	80.9975609756098	23.2	1.6	79.1	Europe	Oth. Chris.
572	Norway	2000	37472.7	78.6341463414634	22.6	2	76.1	Europe	Oth. Chris.
573	Oman	1990	6455.5	67.2677317073171	29.5	6.4	66.1	Asia	Muslim
574	Oman	1980	5181.8	59.73	21.8	9.7	47.6	Asia	Muslim
575	Oman	1985	6677.5	63.9401219512195	24.1	8	57.1	Asia	Muslim
576	Oman	1960	80.2	42.6670731707317	15.2	8.5	16.4	Asia	Muslim
577	Oman	1965	101.2	46.6416829268293	17	8.6	22.3	Asia	Muslim
578	Oman	1970	354.1	50.2584146341463	18.9	8.7	29.7	Asia	Muslim
579	Oman	1975	2377.1	54.6929512195122	20.7	9.4	38.2	Asia	Muslim
580	Oman	2005	12322.7	74.4076097560976	34	3.1	72.4	Asia	Muslim
581	Oman	2010	20922.7	76.0458048780488	34.2	5.8	75.2	Asia	Muslim
582	Oman	1995	6406.1	69.9885365853659	33.9	2.1	71.7	Asia	Muslim
583	Oman	2000	8897.2	72.3565853658537	35.9	0.9	71.6	Asia	Muslim
584	Pakistan	1995	478.6	62.5537804878049	21	3.4	31.8	Asia	Muslim
585	Pakistan	2000	514.2	63.8859756097561	21	3.1	33.2	Asia	Muslim
586	Pakistan	1960	81.4	46.4337317073171	18.4	4.7	22.1	Asia	Muslim
587	Pakistan	1965	113.7	50.5542682926829	19.8	3.7	23.5	Asia	Muslim
588	Pakistan	1970	169.4	53.5030487804878	21.2	3.8	24.8	Asia	Muslim
589	Pakistan	1975	166.4	56.0366097560976	22.2	4.2	26.3	Asia	Muslim
590	Pakistan	1980	296.2	58.0678292682927	22.5	4.6	28.1	Asia	Muslim
591	Pakistan	1985	328.6	59.6143170731707	21.7	4.2	29.3	Asia	Muslim
592	Pakistan	1990	360.2	61.1873170731707	21	3.8	30.6	Asia	Muslim
593	Pakistan	2005	693.2	65.174756097561	21.7	2.8	34.7	Asia	Muslim
594	Pakistan	2010	1023.2	66.1263414634146	22.2	2.9	36.6	Asia	Muslim
595	Panama	2005	4594.5	76.0089024390244	63.1	2.3	63.7	South America	Catholic
596	Panama	2010	7833.9	76.9487073170732	62.8	2.1	65.1	South America	Catholic
597	Panama	1960	366	60.8768292682927	60.4	4.3	41.2	South America	Catholic
598	Panama	1965	500.2	63.285243902439	61.3	4.4	44.4	South America	Catholic
599	Panama	1970	666.1	65.5466585365854	62.6	4.1	47.6	South America	Catholic
600	Panama	1975	1051.9	68.0723902439024	61.4	3.3	49	South America	Catholic
601	Panama	1980	1914.7	70.2709756097561	61.1	3	50.4	South America	Catholic
602	Panama	1985	2419.1	71.8179024390244	61.9	2.9	52.1	South America	Catholic
603	Panama	1990	2136.6	73.0595853658537	63.3	2.9	53.9	South America	Catholic
604	Panama	1995	2867.6	74.1302682926829	63.4	3.5	58.1	South America	Catholic
605	Panama	2000	3804	75.1166341463415	64	3.2	62.2	South America	Catholic
606	Papua New Guinea	2010	1382.1	62.0078048780488	34.9	2.1	13	Oceania	Ethnic
607	Papua New Guinea	1965	159.3	42.0371951219512	33.5	9.7	5.5	Oceania	Ethnic
608	Papua New Guinea	1970	265.1	46.0409268292683	28.4	15.1	9.8	Oceania	Ethnic
609	Papua New Guinea	1975	482.8	49.270512195122	28.1	4.6	11.9	Oceania	Ethnic
610	Papua New Guinea	1960	117.2	38.462243902439	39.7	9.4	3.7	Oceania	Ethnic
611	Papua New Guinea	1985	658.9	54.8522682926829	30	4	14	Oceania	Ethnic
612	Papua New Guinea	1990	774.4	55.7093414634146	31.3	3.8	15	Oceania	Ethnic
613	Papua New Guinea	1995	983.1	57.3519512195122	33.6	1.3	14.1	Oceania	Ethnic
614	Papua New Guinea	1980	791.8	52.8837073170732	29.1	4.5	13	Oceania	Ethnic
615	Papua New Guinea	2005	804.1	60.6435853658537	35.2	2.3	13.1	Oceania	Ethnic
616	Papua New Guinea	2000	654.6	58.7992926829268	35.8	1.3	13.2	Oceania	Ethnic
617	Peru	1970	548.3	53.453756097561	39.3	4.7	57.4	South America	Catholic
618	Peru	1975	1082.4	57.0968292682927	39.7	3.8	61.5	South America	Catholic
619	Peru	1965	438.3	50.2144390243902	38.4	5	51.9	South America	Catholic
620	Peru	1960	252.1	47.6915853658537	37.8	4.1	46.8	South America	Catholic
621	Peru	1990	1180.9	65.5304390243902	38.9	2.7	68.9	South America	Catholic
622	Peru	1995	2174.2	68.0154390243902	38.8	2.4	71	South America	Catholic
623	Peru	1980	1018.9	60.0636341463415	39.7	3.5	64.6	South America	Catholic
624	Peru	1985	825.1	62.9548292682927	39.2	2.9	66.9	South America	Catholic
625	Peru	2010	5075.5	73.9050975609756	39.8	1.6	76.9	South America	Catholic
626	Peru	2000	1959.1	70.5054390243902	38.4	2.1	73	South America	Catholic
627	Peru	2005	2704	72.4186097560976	38.8	1.7	75	South America	Catholic
628	Philippines	1985	565.7	63.8061463414634	29.5	5.4	43	Oceania	Catholic
629	Philippines	1980	684.6	62.155243902439	33.5	4	37.5	Oceania	Catholic
630	Philippines	1960	254.4	57.8119268292683	28.6	4.4	30.3	Oceania	Catholic
631	Philippines	1965	187.1	59.3332682926829	29	4	31.6	Oceania	Catholic
632	Philippines	1970	186.8	60.813243902439	29.9	3.8	33	Oceania	Catholic
633	Philippines	1975	360.7	61.5361951219512	34	4.2	35.6	Oceania	Catholic
634	Philippines	2000	1043.5	66.7966585365854	26.8	1.9	48	Oceania	Catholic
635	Philippines	2005	1200.9	67.4899268292683	27.2	1.3	46.6	Oceania	Catholic
636	Philippines	1990	715.3	65.2235609756098	26.5	4.5	48.6	Oceania	Catholic
637	Philippines	1995	1064.8	66.0236097560976	28	2.1	48.3	Oceania	Catholic
638	Philippines	2010	2135.9	68.2302682926829	28.1	1.1	45.3	Oceania	Catholic
639	Portugal	1990	7885.4	73.9658536585366	53	0.9	47.9	Europe	Catholic
640	Portugal	1995	11782.5	75.3121951219512	50.7	1.6	51.1	Europe	Catholic
641	Portugal	1960	360.5	62.8089268292683	48.9	1.2	35	Europe	Catholic
642	Portugal	1965	520.9	64.9894634146342	49.9	0.6	36.9	Europe	Catholic
643	Portugal	1970	934.2	67.0731707317073	53.9	0.1	38.8	Europe	Catholic
644	Portugal	1975	2127.8	68.309756097561	56.7	4.8	40.8	Europe	Catholic
645	Portugal	1980	3368.7	71.2146341463415	58.6	2	42.8	Europe	Catholic
646	Portugal	1985	2705.5	72.8146341463415	55.5	1.4	45.3	Europe	Catholic
647	Portugal	2005	18784.5	78.0707317073171	45.4	1.3	57.5	Europe	Catholic
648	Portugal	2010	22538.7	79.0268292682927	43.9	1	60.6	Europe	Catholic
649	Portugal	2000	11502.4	76.3146341463415	47.7	1.9	54.4	Europe	Catholic
650	Puerto Rico	2010	26438	78.182243902439	71	-0.6	93.8	North America	Catholic
651	Puerto Rico	2000	16192.1	76.6892682926829	69.7	0.4	94.4	North America	Catholic
652	Puerto Rico	2005	21959.3	78.2960975609756	69.3	-0.2	94.1	North America	Catholic
653	Puerto Rico	1960	717.5	68.7196097560976	56.8	2.4	44.5	North America	Catholic
654	Puerto Rico	1965	1110.8	69.8697317073171	55.4	4.3	51.5	North America	Catholic
655	Puerto Rico	1970	1852.4	71.5437317073171	57.7	3.4	58.3	North America	Catholic
656	Puerto Rico	1975	2738.2	72.994243902439	56.9	3.2	62.8	North America	Catholic
657	Puerto Rico	1980	4502.8	73.7022926829268	57.8	3.7	67.8	North America	Catholic
658	Puerto Rico	1985	6008.1	74.3086829268293	60.5	4.1	84.3	North America	Catholic
659	Puerto Rico	1990	8652.5	74.1691707317073	70.8	2	92.9	North America	Catholic
660	Puerto Rico	1995	11579.2	74.1250731707317	70.1	1.1	93.7	North America	Catholic
661	Rwanda	1970	58.6	44.2917804878049	49.5	5.1	3.2	Africa	Ethnic
662	Rwanda	1975	131.2	44.9277804878049	51.4	7.6	4	Africa	Ethnic
663	Rwanda	1960	40.6	42.2492926829268	45	4.6	2.6	Africa	Ethnic
664	Rwanda	1965	46	43.6014146341464	48.5	4.3	2.9	Africa	Ethnic
665	Rwanda	1990	353.5	32.6115609756098	56.1	1.2	5.4	Africa	Ethnic
666	Rwanda	1995	228.4	31.2391951219512	57.4	13.6	9.8	Africa	Ethnic
667	Rwanda	1980	244.1	47.9117073170732	52.9	4.8	4.7	Africa	Ethnic
668	Rwanda	1985	280.7	49.3342682926829	54.2	5.4	5.1	Africa	Ethnic
669	Rwanda	2010	525.9	62.2121463414634	40.2	7	24	Africa	Ethnic
670	Rwanda	2000	206.6	47.6426585365854	46.1	12.6	14.9	Africa	Ethnic
671	Rwanda	2005	273.8	55.1924878048781	47.1	6.4	19.3	Africa	Ethnic
672	Senegal	1965	261.9	38.3956829268293	49.1	5.5	26.4	Africa	Muslim
673	Senegal	1960	249.5	38.206	49.1	5.5	23	Africa	Muslim
674	Senegal	1980	629.1	48.942756097561	48.1	3.6	35.8	Africa	Muslim
675	Senegal	1985	460.1	53.9041463414634	48.1	4	37.5	Africa	Muslim
676	Senegal	1970	243	39.2205365853659	48.2	5.5	30	Africa	Muslim
677	Senegal	1975	456.2	43.518756097561	47.4	5.1	33.7	Africa	Muslim
678	Senegal	2000	474.5	57.7742682926829	51	2.9	40.3	Africa	Muslim
679	Senegal	2005	772.5	60.5497073170732	52.6	3.2	41.1	Africa	Muslim
680	Senegal	1990	760.8	57.1830975609756	48.1	3.5	38.9	Africa	Muslim
681	Senegal	1995	560	57.3796097560976	48.9	3.1	39.6	Africa	Muslim
682	Senegal	2010	998.6	62.8418780487805	53.6	3.4	42.2	Africa	Muslim
683	Sierra Leone	1970	171.6	34.6090975609756	34	5.1	24	Africa	Ethnic
684	Sierra Leone	1975	240.8	38.4930731707317	36.3	4.5	27.7	Africa	Ethnic
685	Sierra Leone	1960	149.1	30.3315365853659	31.8	4.4	17.4	Africa	Ethnic
686	Sierra Leone	1965	154.8	31.5426341463415	31.4	4.9	20.4	Africa	Ethnic
687	Sierra Leone	1985	239.1	40.3248048780488	40.6	4	32	Africa	Ethnic
688	Sierra Leone	1990	160.7	37.3573658536585	39.8	1.9	33.3	Africa	Ethnic
689	Sierra Leone	1995	221.7	35.8201219512195	45	0.1	34.4	Africa	Ethnic
690	Sierra Leone	1980	346.1	40.650243902439	38.4	3.9	29.8	Africa	Ethnic
691	Sierra Leone	2005	317.9	42.1452195121951	41.6	4.5	36.8	Africa	Ethnic
692	Sierra Leone	2010	448.2	44.8389512195122	40.5	2.7	38.2	Africa	Ethnic
693	Sierra Leone	2000	153.6	38.1116097560976	46.8	3.4	35.6	Africa	Ethnic
694	Singapore	1990	12766.2	76.028512195122	99	3.9	100	Asia	Buddhist
695	Singapore	1980	5003.9	72.0416585365854	100	1.3	100	Asia	Buddhist
696	Singapore	1985	6781.8	73.9274146341463	99	0.1	100	Asia	Buddhist
697	Singapore	1960	427.9	65.6598292682927	99.2	6.4	100	Asia	Buddhist
698	Singapore	1965	516.3	67.0858048780488	99.6	2.4	100	Asia	Buddhist
699	Singapore	1970	925.3	68.2794146341463	100	1.6	100	Asia	Buddhist
700	Singapore	1975	2558.7	70.2197073170732	100	1.5	100	Asia	Buddhist
701	Singapore	2005	29869.6	79.990243902439	100	2.4	100	Asia	Buddhist
702	Singapore	2010	46569.7	81.5414634146342	100	1.8	100	Asia	Buddhist
703	Singapore	1995	24937.3	76.3951219512195	98.8	3	100	Asia	Buddhist
704	Singapore	2000	23793	78.0512195121951	97.3	1.7	100	Asia	Buddhist
705	South Africa	1995	3862.8	61.3700243902439	21.2	3.1	54.5	Africa	Oth. Chris.
706	South Africa	2000	3019.9	55.8368780487805	22.4	3.3	56.9	Africa	Oth. Chris.
707	South Africa	1960	423.3	49.0362926829268	26.3	3.4	46.6	Africa	Oth. Chris.
708	South Africa	1965	554.8	50.9718292682927	26	2.5	47.2	Africa	Oth. Chris.
709	South Africa	1970	810.8	52.8506829268293	26.2	2.4	47.8	Africa	Oth. Chris.
710	South Africa	1975	1494.2	54.5767073170732	25	2.3	48.1	Africa	Oth. Chris.
711	South Africa	1980	2920.8	56.9730731707317	24	2.5	48.4	Africa	Oth. Chris.
712	South Africa	1985	2142.2	59.9121707317073	22.3	3.2	49.4	Africa	Oth. Chris.
713	South Africa	1990	3182.2	62.1200731707317	20.2	3.1	52	Africa	Oth. Chris.
714	South Africa	2005	5185.8	51.5573414634146	23.7	2.2	59.5	Africa	Oth. Chris.
715	South Africa	2010	7175.6	54.390756097561	25.2	2.2	62.2	Africa	Oth. Chris.
716	Spain	2005	26510.1	80.1707317073171	16	2	77.3	Europe	Catholic
717	Spain	2010	30736	81.6268292682927	15.8	0.8	78.4	Europe	Catholic
718	Spain	1960	396.4	69.1092682926829	14.3	1.9	56.6	Europe	Catholic
719	Spain	1965	774.8	70.8092682926829	15	2.7	61.3	Europe	Catholic
720	Spain	1970	1209	72.0273170731707	15.8	2.5	66	Europe	Catholic
721	Spain	1975	3221.6	73.3187804878049	15.7	2	69.6	Europe	Catholic
722	Spain	1980	6200.3	75.3492682926829	15.6	1.5	72.8	Europe	Catholic
723	Spain	1985	4693.1	76.259512195122	15.3	0.7	74.2	Europe	Catholic
724	Spain	1990	13773.4	76.8375609756098	15.1	0.5	75.4	Europe	Catholic
725	Spain	1995	15562	77.9807317073171	15.7	0.3	75.9	Europe	Catholic
726	Spain	2000	14787.8	78.9658536585366	16.3	0.9	76.3	Europe	Catholic
727	Sudan	1960	107.5	48.1876341463415	42.8	7.3	10.7	Africa	Muslim
728	Sudan	1965	120.5	50.2483658536585	40.8	7.4	13.4	Africa	Muslim
729	Sudan	1970	151.3	52.2212195121951	38.9	7.4	16.5	Africa	Muslim
730	Sudan	1975	297.8	53.6237317073171	38.7	4.5	18.9	Africa	Muslim
731	Sudan	1980	398.4	54.2411219512195	40.5	4.6	20	Africa	Muslim
732	Sudan	1985	552.7	54.7589756097561	41.1	7.8	22.9	Africa	Muslim
733	Sudan	1990	481.5	55.5144634146342	41.2	7.9	28.6	Africa	Muslim
734	Sudan	1995	461.6	56.5330731707317	39.1	3.7	32.2	Africa	Muslim
735	Sudan	2000	356.5	57.978	38.9	2.5	32.5	Africa	Muslim
736	Sudan	2005	669.4	59.9263658536585	38.5	2.8	32.8	Africa	Muslim
737	Sudan	2010	1439.5	61.4782926829268	38.3	2.5	33.1	Africa	Muslim
738	Sweden	1960	1983.1	73.0056097560976	14.8	1.5	72.5	Europe	Oth. Chris.
739	Sweden	1965	3007.6	73.8617073170732	16.8	2.1	77.1	Europe	Oth. Chris.
740	Sweden	1970	4669.4	74.6492682926829	15.9	1.9	81	Europe	Oth. Chris.
741	Sweden	1975	9974.7	74.9846341463415	15	0.7	82.7	Europe	Oth. Chris.
742	Sweden	1980	16856.8	75.7409756097561	14.4	0.3	83.1	Europe	Oth. Chris.
743	Sweden	1985	13474.2	76.6678048780488	14.6	0.2	83.1	Europe	Oth. Chris.
744	Sweden	1990	30162.3	77.5368292682927	14.6	0.8	83.1	Europe	Oth. Chris.
745	Sweden	1995	29914.3	78.7404878048781	15.4	0.7	83.8	Europe	Oth. Chris.
746	Sweden	2000	29283	79.6439024390244	16.2	0.2	84	Europe	Oth. Chris.
747	Sweden	2005	43085.4	80.5463414634146	16.4	0.5	84.3	Europe	Oth. Chris.
748	Sweden	2010	52076.3	81.4512195121951	17	1	85.1	Europe	Oth. Chris.
749	Thailand	1960	100.9	55.2383658536585	40	4.5	19.7	Asia	Buddhist
750	Thailand	1965	137.9	57.5205853658537	40.2	3.6	20.2	Asia	Buddhist
751	Thailand	1970	192.2	59.5266585365854	40.4	4	20.9	Asia	Buddhist
752	Thailand	1975	351.6	61.8590731707317	38.2	5.1	23.8	Asia	Buddhist
753	Thailand	1980	683	64.183512195122	37.2	4.1	26.8	Asia	Buddhist
754	Thailand	1985	747.6	67.8527073170732	36.1	2.8	28.1	Asia	Buddhist
755	Thailand	1990	1508.3	70.4111219512195	35.4	2.2	29.4	Asia	Buddhist
756	Thailand	1995	2848.5	70.532512195122	34.2	1.4	30.3	Asia	Buddhist
757	Thailand	2000	1968.5	70.9165853658537	32.5	2.5	31.4	Asia	Buddhist
758	Thailand	2005	2690	72.3284146341463	29.4	4.1	37.5	Asia	Buddhist
759	Thailand	2010	4802.7	73.8137804878049	28.1	3.3	44.1	Asia	Buddhist
760	Togo	1960	76.6	40.2728292682927	59.5	9.4	10.1	Africa	Others
761	Togo	1965	109.6	43.4447073170732	53.9	10.4	14.9	Africa	Others
762	Togo	1970	120.1	46.5350975609756	42.6	9.6	21.3	Africa	Others
763	Togo	1975	256.1	49.5024146341463	46.5	3.7	22.9	Africa	Others
764	Togo	1980	417.7	52.3044146341463	51.3	4.4	24.7	Africa	Others
765	Togo	1985	234.4	54.6347317073171	47.9	5	26.6	Africa	Others
766	Togo	1990	429.9	55.8484390243902	44	4.2	28.6	Africa	Others
767	Togo	1995	305.6	54.7278780487805	41.6	3.8	30.7	Africa	Others
768	Togo	2000	266	53.5453414634146	39.3	3.9	32.9	Africa	Others
769	Togo	2005	381.8	54.1431707317073	37.1	3.9	35.2	Africa	Others
770	Togo	2010	503.2	55.4688780487805	35.1	3.9	37.5	Africa	Others
771	Turkey	1960	507.9	45.3844146341463	16.7	4.4	31.5	Asia	Muslim
772	Turkey	1965	385.3	49.0234390243903	18.9	3.9	34.2	Asia	Muslim
773	Turkey	1970	491.4	52.2614146341463	20.9	4.5	38.2	Asia	Muslim
774	Turkey	1975	1139	55.3852195121951	22.1	4	41.6	Asia	Muslim
775	Turkey	1980	1566.7	58.6915853658537	22.9	3.3	43.8	Asia	Muslim
776	Turkey	1985	1367.2	61.7144390243903	21	5.7	52.4	Asia	Muslim
777	Turkey	1990	2790.6	64.2823414634146	20.5	4	59.2	Asia	Muslim
778	Turkey	1995	2896.1	66.9819268292683	21.1	2.4	62.1	Asia	Muslim
779	Turkey	2000	4219.5	69.9983658536586	21.4	2.3	64.7	Asia	Muslim
780	Turkey	2005	7129.6	72.4283658536586	22.9	2.2	67.8	Asia	Muslim
781	Turkey	2010	10135.7	74.2111951219512	24.9	2.1	70.7	Asia	Muslim
782	Uganda	1960	62.3	43.9835609756098	45.9	7.5	4.4	Africa	Ethnic
783	Uganda	1965	110.4	46.879487804878	50.4	7.8	5.5	Africa	Ethnic
784	Uganda	1970	133.3	48.810243902439	54	4.6	6.7	Africa	Ethnic
785	Uganda	1975	217.9	49.3034634146342	52.2	3.8	7	Africa	Ethnic
786	Uganda	1980	99.2	49.4414878048781	49.6	5.4	7.5	Africa	Ethnic
787	Uganda	1985	240.1	49.2081219512195	44.3	7.2	9.2	Africa	Ethnic
788	Uganda	1990	245.5	47.5006585365854	38.9	7.3	11.1	Africa	Ethnic
789	Uganda	1995	277.5	45.9662195121951	37.7	3.9	11.7	Africa	Ethnic
790	Uganda	2000	255.1	48.1093658536585	37.4	3.9	12.1	Africa	Ethnic
791	Uganda	2005	313.8	52.8399268292683	35.3	5.5	13	Africa	Ethnic
792	Uganda	2010	471.7	57.2965365853659	32.4	5.5	14.5	Africa	Ethnic
793	United Kingdom	1960	1380.3	71.1268292682927	19.9	0.3	78.4	Europe	Oth. Chris.
794	United Kingdom	1965	1851	71.6243902439024	18.6	0.5	77.8	Europe	Oth. Chris.
795	United Kingdom	1970	2346.2	71.9731707317073	17.5	0.2	77.1	Europe	Oth. Chris.
796	United Kingdom	1975	4400.4	72.7243902439024	17.3	0.2	77.7	Europe	Oth. Chris.
797	United Kingdom	1980	10070.3	73.6756097560976	17.3	0.3	78.5	Europe	Oth. Chris.
798	United Kingdom	1985	8591.5	74.6292682926829	17.7	0.2	78.4	Europe	Oth. Chris.
799	United Kingdom	1990	18632.9	75.8804878048781	18	0.2	78.1	Europe	Oth. Chris.
800	United Kingdom	1995	21295.9	76.8365853658537	18.3	0.3	78.4	Europe	Oth. Chris.
801	United Kingdom	2000	26296.4	77.7414634146342	18.6	0.4	78.7	Europe	Oth. Chris.
802	United Kingdom	2005	39934.9	79.0487804878049	18.9	1	79.9	Europe	Oth. Chris.
803	United Kingdom	2010	38363.4	80.4024390243902	19	1.1	81.3	Europe	Oth. Chris.
804	United States	1960	3007.1	69.7707317073171	11.2	2.4	70	North America	Oth. Chris.
805	United States	1965	3827.5	70.2146341463415	10.9	1.8	71.9	North America	Oth. Chris.
806	United States	1970	5247	70.8073170731707	10.7	1.5	73.6	North America	Oth. Chris.
807	United States	1975	7820	72.6048780487805	10	1	73.7	North America	Oth. Chris.
808	United States	1980	12597.6	73.6585365853659	9.3	1	73.7	North America	Oth. Chris.
809	United States	1985	18269.3	74.5634146341464	8.9	1.1	74.5	North America	Oth. Chris.
810	United States	1990	23954.5	75.2146341463415	8.6	1.4	75.3	North America	Oth. Chris.
811	United States	1995	28782.3	75.6219512195122	8.2	1.7	77.3	North America	Oth. Chris.
812	United States	2000	36449.9	76.6365853658537	8	1.5	79.1	North America	Oth. Chris.
813	United States	2005	44307.8	77.3390243902439	7.7	1.1	79.9	North America	Oth. Chris.
814	United States	2010	48377.4	78.5414634146342	7.4	1	80.8	North America	Oth. Chris.
815	Uruguay	1960	490	67.8958780487805	63.1	1.6	80.2	South America	Catholic
816	Uruguay	1965	701.1	68.6068048780488	60.4	1.4	81.3	South America	Catholic
817	Uruguay	1970	760.6	68.6858048780488	58.9	0.8	82.4	South America	Catholic
818	Uruguay	1975	1250.1	69.1428292682927	59.4	0.5	83.4	South America	Catholic
819	Uruguay	1980	3485.6	70.2862926829268	58.4	1.1	85.4	South America	Catholic
820	Uruguay	1985	1571.1	71.5834634146342	57.4	1	87.2	South America	Catholic
821	Uruguay	1990	2990	72.5395365853659	56	1.1	89	South America	Catholic
822	Uruguay	1995	5984.9	73.5394634146342	54.5	1	90.5	South America	Catholic
823	Uruguay	2000	6872.7	74.6600975609756	52.4	0.7	92	South America	Catholic
824	Uruguay	2005	5221.7	75.7228536585366	52	0.3	93.3	South America	Catholic
825	Uruguay	2010	11530.6	76.6162195121951	52.1	0.6	94.4	South America	Catholic
826	Venezuela, RB	1960	1135.5	59.5291951219512	28.2	6.1	61.6	South America	Catholic
827	Venezuela, RB	1965	1055.8	62.4109512195122	27.2	5	67	South America	Catholic
828	Venezuela, RB	1970	1211.6	64.9958780487805	26.7	4.6	71.9	South America	Catholic
829	Venezuela, RB	1975	2465.7	66.9633414634147	24.3	4.5	75.8	South America	Catholic
830	Venezuela, RB	1980	4447.1	68.2191707317073	21.5	4	79.2	South America	Catholic
831	Venezuela, RB	1985	3344.5	69.6642926829268	19	3.3	81.9	South America	Catholic
832	Venezuela, RB	1990	2382.3	71.1077317073171	16.6	3	84.3	South America	Catholic
833	Venezuela, RB	1995	3389.8	71.8652682926829	14.8	2.6	86.2	South America	Catholic
834	Venezuela, RB	2000	4799.6	72.4441463414634	13.3	2.3	88	South America	Catholic
835	Venezuela, RB	2005	5444.7	73.2537804878049	12.2	1.8	88.6	South America	Catholic
836	Venezuela, RB	2010	13559.1	74.1704634146342	11.3	1.6	88.8	South America	Catholic
837	Zambia	1960	226.7	45.1098048780488	17.7	7.3	18.1	Africa	Ethnic
838	Zambia	1965	296.4	46.9130243902439	19.1	9	23.4	Africa	Ethnic
839	Zambia	1970	426.8	49.0254146341463	21.8	6.5	30.4	Africa	Ethnic
840	Zambia	1975	492.1	51.0336341463415	22.2	6.1	34.9	Africa	Ethnic
841	Zambia	1980	664.3	51.1489512195122	22.9	5.8	39.8	Africa	Ethnic
842	Zambia	1985	329.4	48.2749268292683	23.5	2.9	39.7	Africa	Ethnic
843	Zambia	1990	419.2	43.8201463414634	24.5	2.4	39.4	Africa	Ethnic
844	Zambia	1995	430.6	40.9475365853659	27.5	1.2	37.1	Africa	Ethnic
845	Zambia	2000	356.5	41.7831219512195	30.5	1.3	34.8	Africa	Ethnic
846	Zambia	2005	726.4	47.1283414634146	32.3	3.8	36.6	Africa	Ethnic
847	Zambia	2010	1533.3	54.5275609756098	33.6	4.1	38.7	Africa	Ethnic
848	Zimbabwe	1960	280.6	51.5424634146342	52.4	4.9	12.6	Africa	Ethnic
849	Zimbabwe	1965	296.6	53.3044634146342	49.3	7	14.6	Africa	Ethnic
850	Zimbabwe	1970	361.9	54.8985853658537	46.1	6.1	17.4	Africa	Ethnic
851	Zimbabwe	1975	708.4	56.6974634146342	43.4	5.7	19.9	Africa	Ethnic
852	Zimbabwe	1980	916.3	59.3776097560976	37.8	5.9	22.4	Africa	Ethnic
853	Zimbabwe	1985	636.2	61.3729268292683	34.6	6.5	25.4	Africa	Ethnic
854	Zimbabwe	1990	839.6	59.133756097561	34.5	5.4	29	Africa	Ethnic
855	Zimbabwe	1995	611	51.3410243902439	34	3.1	31.7	Africa	Ethnic
856	Zimbabwe	2000	535	43.922	32.7	2.2	33.8	Africa	Ethnic
857	Zimbabwe	2005	452.8	43.8883902439025	33.4	-0.4	34.1	Africa	Ethnic
858	Zimbabwe	2010	723.2	53.5931219512195	34	0.9	33.2	Africa	Ethnic
